"假设你是一位37岁的单身女性，而一位23岁的男士正在追求你。你的职业类型是engineering professional。你从六个维度对他进行了评估。这六个维度分别是：吸引力：moderately satisfied，真诚度：very satisfied, 智力：very satisfied，幽默感：moderately satisfied，抱负：slightly satisfied，共同兴趣：no information，你愿意和这位男士约会吗？ 请告诉我原因。你的答案必须是（是）或（否），然后加上你的理由。你必须遵守这条规则！ 你不能说其他话。",否，因为在抱负方面只有稍微满意，可能意味着你们对未来的看法和生活目标不太匹配，这是维持长期关系的重要因素。,134,139,,1
"假设你是一位26岁的单身女性，而一位27岁的男士正在追求你。你的职业类型是Real Estate。你从六个维度对他进行了评估。这六个维度分别是：吸引力：moderately satisfied，真诚度：moderately satisfied, 智力：very satisfied，幽默感：moderately satisfied，抱负：very satisfied，共同兴趣：moderately satisfied，你愿意和这位男士约会吗？ 请告诉我原因。你的答案必须是（是）或（否），然后加上你的理由。你必须遵守这条规则！ 你不能说其他话。",是，因为在智力和抱负两个重要的维度上你感到非常满意，这表明他在这些方面符合你的期望，可以为未来的关系打下良好的基础。其他维度虽然只是适度满意，但没有明显的不满，这意味着还有进一步了解和适应的空间。,132,137,,1
"假设你是一位29岁的单身女性，而一位24岁的男士正在追求你。你的职业类型是Investment Banking。你从六个维度对他进行了评估。这六个维度分别是：吸引力：neutral，真诚度：very satisfied, 智力：moderately satisfied，幽默感：slightly satisfied，抱负：moderately satisfied，共同兴趣：slightly satisfied，你愿意和这位男士约会吗？ 请告诉我原因。你的答案必须是（是）或（否），然后加上你的理由。你必须遵守这条规则！ 你不能说其他话。",是，因为他在真诚度和智力上的评价较高，这表明他具备良好的人格特质和智慧，这些是维持长期关系的重要基础。同时，其他方面虽然评价不是非常高，但也达到了基本的满意度，说明你们在一定程度上是匹配的。,133,140,,1
"假设你是一位 27 岁的女性，最近和你 26 岁的男朋友交往。 你的职业类型是 Asset Management。你对男朋友在六个维度上的评分如下：吸引力：moderately satisfied，真诚：very satisfied, 智力：moderately satisfied，幽默感：very satisfied，抱负：slightly satisfied，共同兴趣：very satisfied。现在，另一位 27 岁的男人正在追求你。 你和他约会过，你也根据同样不同的重要性，在六个维度上给他打了分： 吸引力：moderately satisfied，真诚：moderately satisfied，智力：neutral，幽默感：slightly satisfied，抱负：slightly satisfied，共同兴趣：neutral。如果你认为追求你的人在那些你认为比现任男朋友更重要的维度上更优秀，你可以考虑 结束目前的恋情，去探索新的恋情。你愿意结束现在的感情，和追求你的男人开始一段新恋情吗？还有，告诉我原因。你的答案必须是（是）或（否），然后说明你的理由。你必须遵守这条规则!你不能说其他话！",否。因为根据你的评分，你现在的男朋友在真诚、幽默感和共同兴趣等你认为重要的维度上表现更好。,132,138,137,0
"假设你是一位 24 岁的女性，最近和你 29 岁的男朋友交往。 你的职业类型是 a research position。你对男朋友在六个维度上的评分如下：吸引力：moderately satisfied，真诚：moderately satisfied, 智力：moderately satisfied，幽默感：moderately satisfied，抱负：moderately satisfied，共同兴趣：moderately satisfied。现在，另一位 24 岁的男人正在追求你。 你和他约会过，你也根据同样不同的重要性，在六个维度上给他打了分： 吸引力：slightly satisfied，真诚：very satisfied，智力：very satisfied，幽默感：very satisfied，抱负：slightly satisfied，共同兴趣：neutral。如果你认为追求你的人在那些你认为比现任男朋友更重要的维度上更优秀，你可以考虑 结束目前的恋情，去探索新的恋情。你愿意结束现在的感情，和追求你的男人开始一段新恋情吗？还有，告诉我原因。你的答案必须是（是）或（否），然后说明你的理由。你必须遵守这条规则!你不能说其他话！",是，因为追求者在智力、真诚和幽默感这些你高度重视的维度上表现更优秀，而这可能对长期关系的满足度和稳定性有重要影响。,133,141,140,1
"假设你是一位 24 岁的女性，最近和你 28 岁的男朋友交往。 你的职业类型是 a research position。你对男朋友在六个维度上的评分如下：吸引力：neutral，真诚：slightly satisfied, 智力：neutral，幽默感：moderately satisfied，抱负：neutral，共同兴趣：slightly satisfied。现在，另一位 24 岁的男人正在追求你。 你和他约会过，你也根据同样不同的重要性，在六个维度上给他打了分： 吸引力：dissatisfied，真诚：moderately satisfied，智力：moderately satisfied，幽默感：very satisfied，抱负：moderately satisfied，共同兴趣：very dissatisfied。如果你认为追求你的人在那些你认为比现任男朋友更重要的维度上更优秀，你可以考虑 结束目前的恋情，去探索新的恋情。你愿意结束现在的感情，和追求你的男人开始一段新恋情吗？还有，告诉我原因。你的答案必须是（是）或（否），然后说明你的理由。你必须遵守这条规则!你不能说其他话！",否，因为共同兴趣在长期关系中极其重要，而你对追求你的这位男性在共同兴趣上非常不满意。这可能导致长期不兼容和沟通困难。,133,138,141,0
"假设你是一位 23 岁的女性，最近和你 37 岁的男朋友交往。 你的职业类型是 professor。你对男朋友在六个维度上的评分如下：吸引力：moderately satisfied，真诚：moderately satisfied, 智力：moderately satisfied，幽默感：neutral，抱负：moderately satisfied，共同兴趣：neutral。现在，另一位 23 岁的男人正在追求你。 你和他约会过，你也根据同样不同的重要性，在六个维度上给他打了分： 吸引力：moderately satisfied，真诚：moderately satisfied，智力：moderately satisfied，幽默感：moderately satisfied，抱负：moderately satisfied，共同兴趣：no information。如果你认为追求你的人在那些你认为比现任男朋友更重要的维度上更优秀，你可以考虑 结束目前的恋情，去探索新的恋情。你愿意结束现在的感情，和追求你的男人开始一段新恋情吗？还有，告诉我原因。你的答案必须是（是）或（否），然后说明你的理由。你必须遵守这条规则!你不能说其他话！",否。理由是虽然追求者在某些维度上评分稍高，但目前的信息对比不够全面，尤其是缺乏对共同兴趣的评价，而这可能对关系的长期稳定性和满足感具有重要影响。,134,140,139,1
"假设你是一位 27 岁的女性，最近和你 26 岁的男朋友交往。 你的职业类型是 Asset Management。你对男朋友在六个维度上的评分如下：吸引力：moderately satisfied，真诚：very satisfied, 智力：moderately satisfied，幽默感：very satisfied，抱负：slightly satisfied，共同兴趣：very satisfied。现在，另一位 27 岁的男人正在追求你。 你和他约会过，你也根据同样不同的重要性，在六个维度上给他打了分： 吸引力：moderately satisfied，真诚：no information，智力：moderately satisfied，幽默感：moderately satisfied，抱负：moderately satisfied，共同兴趣：no information。如果你认为追求你的人在那些你认为比现任男朋友更重要的维度上更优秀，你可以考虑 结束目前的恋情，去探索新的恋情。你愿意结束现在的感情，和追求你的男人开始一段新恋情吗？还有，告诉我原因。你的答案必须是（是）或（否），然后说明你的理由。你必须遵守这条规则!你不能说其他话！",否，因为现任男朋友在真诚和幽默感这两个维度上都让你非常满意，这两个维度常常是建立长期稳定关系的重要基础。而新追求者在这些方面的信息不足，无法证明他在这些关键的个性特质上优于现任。,132,139,137,1
"假设你是一位 24 岁的女性，最近和你 28 岁的男朋友交往。 你的职业类型是 a research position。你对男朋友在六个维度上的评分如下：吸引力：neutral，真诚：slightly satisfied, 智力：neutral，幽默感：moderately satisfied，抱负：neutral，共同兴趣：slightly satisfied。现在，另一位 24 岁的男人正在追求你。 你和他约会过，你也根据同样不同的重要性，在六个维度上给他打了分： 吸引力：slightly satisfied，真诚：very satisfied，智力：very satisfied，幽默感：slightly satisfied，抱负：moderately satisfied，共同兴趣：neutral。如果你认为追求你的人在那些你认为比现任男朋友更重要的维度上更优秀，你可以考虑 结束目前的恋情，去探索新的恋情。你愿意结束现在的感情，和追求你的男人开始一段新恋情吗？还有，告诉我原因。你的答案必须是（是）或（否），然后说明你的理由。你必须遵守这条规则!你不能说其他话！",是。追求者在真诚、智力和抱负这几个关键维度上的评分更高，这些都是长期关系中非常重要的因素。,133,137,141,1
"假设你是一位 23 岁的女性，最近和你 29 岁的男朋友交往。 你的职业类型是 professor。你对男朋友在六个维度上的评分如下：吸引力：moderately satisfied，真诚：very satisfied, 智力：very satisfied，幽默感：very satisfied，抱负：very satisfied，共同兴趣：moderately satisfied。现在，另一位 23 岁的男人正在追求你。 你和他约会过，你也根据同样不同的重要性，在六个维度上给他打了分： 吸引力：dissatisfied，真诚：moderately satisfied，智力：moderately satisfied，幽默感：dissatisfied，抱负：moderately satisfied，共同兴趣：very dissatisfied。如果你认为追求你的人在那些你认为比现任男朋友更重要的维度上更优秀，你可以考虑 结束目前的恋情，去探索新的恋情。你愿意结束现在的感情，和追求你的男人开始一段新恋情吗？还有，告诉我原因。你的答案必须是（是）或（否），然后说明你的理由。你必须遵守这条规则!你不能说其他话！",否，因为现任男朋友在大多数维度上的评分都高于追求者，尤其是在真诚、智力、幽默感和抱负这些重要的维度上都表现出非常满意，而新追求者在这些方面的表现较差。,134,138,140,1
"假设你是一位 27 岁的女性，最近和你 37 岁的男朋友交往。 你的职业类型是 Asset Management。你对男朋友在六个维度上的评分如下：吸引力：neutral，真诚：moderately satisfied, 智力：very satisfied，幽默感：neutral，抱负：very satisfied，共同兴趣：neutral。现在，另一位 27 岁的男人正在追求你。 你和他约会过，你也根据同样不同的重要性，在六个维度上给他打了分： 吸引力：moderately satisfied，真诚：moderately satisfied，智力：moderately satisfied，幽默感：moderately satisfied，抱负：moderately satisfied，共同兴趣：moderately satisfied。如果你认为追求你的人在那些你认为比现任男朋友更重要的维度上更优秀，你可以考虑 结束目前的恋情，去探索新的恋情。你愿意结束现在的感情，和追求你的男人开始一段新恋情吗？还有，告诉我原因。你的答案必须是（是）或（否），然后说明你的理由。你必须遵守这条规则!你不能说其他话！",否。理由是虽然新追求者在许多维度上表现平均而稳定，但现任男友在你评价较高的智力和抱负维度上非常令你满意，这两个维度可能对于你个人和你的职业发展更为重要。,132,141,139,1
"假设你是一位 24 岁的女性，最近和你 26 岁的男朋友交往。 你的职业类型是 a research position。你对男朋友在六个维度上的评分如下：吸引力：moderately satisfied，真诚：moderately satisfied, 智力：moderately satisfied，幽默感：moderately satisfied，抱负：slightly satisfied，共同兴趣：moderately satisfied。现在，另一位 24 岁的男人正在追求你。 你和他约会过，你也根据同样不同的重要性，在六个维度上给他打了分： 吸引力：slightly satisfied，真诚：moderately satisfied，智力：very satisfied，幽默感：slightly satisfied，抱负：moderately satisfied，共同兴趣：no information。如果你认为追求你的人在那些你认为比现任男朋友更重要的维度上更优秀，你可以考虑 结束目前的恋情，去探索新的恋情。你愿意结束现在的感情，和追求你的男人开始一段新恋情吗？还有，告诉我原因。你的答案必须是（是）或（否），然后说明你的理由。你必须遵守这条规则!你不能说其他话！",否，因为虽然追求你的人在智力上更令你满意，但在吸引力和幽默感这些与日常生活感受密切相关的维度上，你对他的满意度较低，说明可能在日常相处中，你会觉得缺乏足够的吸引和乐趣。同时，共同兴趣未知也是一个风险因素，因为共同兴趣是关系中的重要粘合剂。,133,139,137,1
"假设你是一位 27 岁的女性，最近和你 28 岁的男朋友交往。 你的职业类型是 Asset Management。你对男朋友在六个维度上的评分如下：吸引力：neutral，真诚：moderately satisfied, 智力：moderately satisfied，幽默感：moderately satisfied，抱负：moderately satisfied，共同兴趣：moderately satisfied。现在，另一位 27 岁的男人正在追求你。 你和他约会过，你也根据同样不同的重要性，在六个维度上给他打了分： 吸引力：moderately satisfied，真诚：moderately satisfied，智力：moderately satisfied，幽默感：moderately satisfied，抱负：moderately satisfied，共同兴趣：moderately satisfied。如果你认为追求你的人在那些你认为比现任男朋友更重要的维度上更优秀，你可以考虑 结束目前的恋情，去探索新的恋情。你愿意结束现在的感情，和追求你的男人开始一段新恋情吗？还有，告诉我原因。你的答案必须是（是）或（否），然后说明你的理由。你必须遵守这条规则!你不能说其他话！",否。理由是现任男朋友在各个维度上的评分虽然不高，但没有明显不满，且没有足够的证据表明新的追求者在对你来说重要的维度上有显著的优势。,132,140,141,1
"假设你是一位 23 岁的女性，最近和你 32 岁的男朋友交往。 你的职业类型是 professor。你对男朋友在六个维度上的评分如下：吸引力：moderately satisfied，真诚：moderately satisfied, 智力：very satisfied，幽默感：moderately satisfied，抱负：moderately satisfied，共同兴趣：moderately satisfied。现在，另一位 23 岁的男人正在追求你。 你和他约会过，你也根据同样不同的重要性，在六个维度上给他打了分： 吸引力：moderately satisfied，真诚：moderately satisfied，智力：moderately satisfied，幽默感：moderately satisfied，抱负：slightly satisfied，共同兴趣：neutral。如果你认为追求你的人在那些你认为比现任男朋友更重要的维度上更优秀，你可以考虑 结束目前的恋情，去探索新的恋情。你愿意结束现在的感情，和追求你的男人开始一段新恋情吗？还有，告诉我原因。你的答案必须是（是）或（否），然后说明你的理由。你必须遵守这条规则!你不能说其他话！",否，因为在与你现任男友的比较中，追求你的男士在各个重要的维度上均未表现出更优秀。此外，你对现任男友的智力感到非常满意，这是一个重要的考虑因素，而新的男士在这一点上只是moderately satisfied。,134,141,138,1
"假设你是一位 23 岁的女性，最近和你 28 岁的男朋友交往。 你的职业类型是 professor。你对男朋友在六个维度上的评分如下：吸引力：slightly satisfied，真诚：neutral, 智力：slightly satisfied，幽默感：neutral，抱负：slightly satisfied，共同兴趣：neutral。现在，另一位 23 岁的男人正在追求你。 你和他约会过，你也根据同样不同的重要性，在六个维度上给他打了分： 吸引力：very satisfied，真诚：very satisfied，智力：very satisfied，幽默感：moderately satisfied，抱负：moderately satisfied，共同兴趣：moderately satisfied。如果你认为追求你的人在那些你认为比现任男朋友更重要的维度上更优秀，你可以考虑 结束目前的恋情，去探索新的恋情。你愿意结束现在的感情，和追求你的男人开始一段新恋情吗？还有，告诉我原因。你的答案必须是（是）或（否），然后说明你的理由。你必须遵守这条规则!你不能说其他话！",是，因为根据六个重要维度上的评估，追求你的人在大多数维度上都明显优于现任男朋友，这表明与他的关系可能会更加满意和充实。,134,137,141,1
