假设你是一位 28 岁的单身男士，有一位 23 岁的女性正在追求你。你的职业类型是 Professor and Government Official。你从六个维度对她进行了评估，满分为 10 分。这六个维度分别是：吸引力：6.0/10，真诚：7.0/10，智力：7.0/10，幽默感：4.0/10，抱负：7.0/10，共同兴趣：nan/10。这些属性的重要性权重如下：吸引力：8.51，真诚：19.15，智力：19.15，幽默感：19.15，抱负：19.15，共同兴趣：14.89。你愿意和这位女士约会吗？请告诉我原因。你的答案必须是（是）或（否），然后说明你的原因。你必须遵守这条规则！你不能说其他话。,否 原因：幽默感得分低（4.0/10）但权重高（19.15），表明该关键维度不足；共同兴趣缺失但权重高（14.89），增加不确定性；其他维度虽可接受，但整体兼容性风险较高。,158,149,,0
假设你是一位 27 岁的单身男士，有一位 23 岁的女性正在追求你。你的职业类型是 Nonprofit。你从六个维度对她进行了评估，满分为 10 分。这六个维度分别是：吸引力：2.0/10，真诚：6.0/10，智力：7.0/10，幽默感：2.0/10，抱负：7.0/10，共同兴趣：2.0/10。这些属性的重要性权重如下：吸引力：15.09，真诚：18.87，智力：18.87，幽默感：16.98，抱负：16.98，共同兴趣：13.21。你愿意和这位女士约会吗？请告诉我原因。你的答案必须是（是）或（否），然后说明你的原因。你必须遵守这条规则！你不能说其他话。,否。加权平均分约为4.55/10，关键高权重维度如幽默感（2.0/10，权重16.98）和吸引力（2.0/10，权重15.09）得分过低，表明兼容性差，可能影响情感连接和约会体验。,158,155,,0
假设你是一位 27 岁的单身男士，有一位 22 岁的女性正在追求你。你的职业类型是 finance。你从六个维度对她进行了评估，满分为 10 分。这六个维度分别是：吸引力：10.0/10，真诚：8.0/10，智力：9.0/10，幽默感：9.0/10，抱负：8.0/10，共同兴趣：6.0/10。这些属性的重要性权重如下：吸引力：15.38，真诚：17.31，智力：17.31，幽默感：17.31，抱负：17.31，共同兴趣：15.38。你愿意和这位女士约会吗？请告诉我原因。你的答案必须是（是）或（否），然后说明你的原因。你必须遵守这条规则！你不能说其他话。,是   原因：加权总分计算为8.35/10），显示整体兼容性强。高权重维度如智力（9.31）、幽默感（9.31）和真诚（8.31）表现优秀，吸引力完美（10.31），共同兴趣虽较低（6.31），但权重较轻，不影响整体积极评估。,161,154,,1
假设您是一位 29 岁的单身男士，有一位 28 岁的女性正在追求您。您的职业类型是 Real Estate/ Private Equity。您对她进行了六个维度的评估，满分为 10 分。这六个维度分别是：吸引力：10.0/10，真诚：8.0/10，智力：8.0/10，幽默感：9.0/10，抱负：9.0/10，共同兴趣：8.0/10。您对这些属性的重要性权重为：吸引力：16.0，真诚： 18.0，智力：18.0，幽默感：18.0，野心：14.0，共同兴趣：16.0。你愿意和这位女士约会吗？请告诉我原因。你的答案必须是(是）或（否），然后说明你的理由。你必须遵守这条规则！你不能说其他话。,是。因为加权总分高达8.64/10，所有维度得分均在8分以上，且高权重维度（真诚、智力、幽默感各权重18）表现良好（真诚8.0、智力8.0、幽默感9.0），表明整体匹配度高，无显著短板。,157,160,,1
假设你是一位 24 岁的单身男士，有一位 27 岁的女性正在追求你。你的职业类型是 professor。你从六个维度对她进行了评估，满分为 10 分。这六个维度分别是：吸引力：8.0/10，真诚：7.0/10，智力：8.0/10，幽默感：8.0/10，抱负：8.0/10，共同兴趣：8.0/10。这些属性的重要性权重如下：吸引力：14.29，真诚：14.29，智力：21.43，幽默感：21.43，抱负：19.05，共同兴趣：9.52。你愿意和这位女士约会吗？请告诉我原因。你的答案必须是（是）或（否），然后说明你的原因。你必须遵守这条规则！你不能说其他话。,是   原因：整体加权评估分数高（约7.86/10），关键维度如智力、幽默感和抱负（权重最高）均达8.0/10，匹配度高；真诚虽为7.0/10但权重中等，不影响积极决策。,172,142,,1
假设您是一位 24 岁的女性，职业类型为 professor，目前已匹配到一位伴侣。您当前伴侣的得分（满分 10 分）：吸引力：8.0/10，真诚度：10.0/10，智力：10.0/10，幽默度：10.0/10，野心：8.0/10，共同兴趣：8.0/10。一位新男士正在向您求爱，他的得分为：吸引力：8.0/10，真诚度： 7.0/10，智力：8.0/10，幽默感：8.0/10，抱负：8.0/10，共同兴趣：8.0/10。您的重要性权重为：吸引力：14.29，真诚：14.29，智力：21.43，幽默感：21.43，抱负： 19.05，共同兴趣：9.52。你会为了新男友离开现在的伴侣吗？你的答案必须是（是）或（否），然后说明你的理由。你必须遵守这条规则！你绝对不能说其他话。,否   理由：基于提供的得分和重要性权重，计算加权总分后，当前伴侣得分为9.14/10，新追求者为7.86/10。当前伴侣在关键高权重维度（智力21.43%，幽默感21.43%）上均为满分，而新追求者在真诚度（14.29%权重）上较低，整体不优于现有关系。,172,142,147,0
假设您是一位 23 岁的单身男士，有一位 28 岁的女性正在追求您。您的职业类型是 physicist; probably academia。您对她进行了六个维度的评估，满分为 10 分。这六个维度分别是：吸引力：7.0/10，真诚：9.0/10，智力：8.0/10，幽默感：6.0/10，抱负：7.0/10，共同兴趣：6.0/10。您对这些属性的重要性权重为：吸引力：19.05，真诚： 19.05，智力：19.05，幽默感：19.05，野心：9.52，共同兴趣：14.29。你愿意和这位女士约会吗？请告诉我原因。你的答案必须是(是）或（否），然后说明你的理由。你必须遵守这条规则！你不能说其他话。,是   理由：基于加权评估，总分约7.24/10，其中高真诚（9.0/10）和高智力（8.0/10）的权重各为19.05%，补偿了幽默感（6.0/10）和共同兴趣（6.0/10）的不足；吸引力（7.0/10）和抱负（7.0/10）在可接受范围，整体匹配度积极。,153,158,,1
假设您是一位 27 岁的男性，职业类型为 Management Consulting，目前已匹配到一位伴侣。您当前伴侣的得分（满分 10 分）：吸引力：7.0/10，真诚度：7.0/10，智力：7.0/10，幽默感：7.0/10，野心：5.0/10，共同兴趣：7.0/10。一位新女性正在向您求爱，其得分为：吸引力：8.0/10，真诚度：7.0/10，智力：6.0/10，幽默度：7.0/10，抱负：7.0/10，共同兴趣：6.0/10。您的重要性权重为：吸引力：17.78，真诚度：17.78，智力：22.22，幽默度：20.0，抱负： 15.56，共同兴趣：6.67。你会为了新女友离开现在的伴侣吗？你的答案必须是或否，然后说明你的理由。你必须遵守这条规则！你不能说其他话。,否   原因：基于您提供的重要性权重和得分计算，当前伴侣的加权总分为6.69，新追求者的加权总分为6.89。虽然新追求者在吸引力和抱负上更高，但智力得分较低（6.0 vs 7.0），而智力是您最重要的权重因素（22.22%）。整体差异较小（0.20分），且更换伴侣涉及关系稳定性和情感风险，不建议仅因轻微分数差异而离开现有关系。,142,172,170,1
假设您是一位 30 岁的单身男士，有一位 33 岁的女性正在追求您。您的职业类型是 Writer。您对她进行了六个维度的评估，满分为 10 分。这六个维度分别是：吸引力：6.0/10，真诚：9.0/10，智力：9.0/10，幽默感：6.0/10，抱负：8.0/10，共同兴趣：4.0/10。您对这些属性的重要性权重为：吸引力：16.67，真诚： 12.5，智力：20.83，幽默感：18.75，野心：12.5，共同兴趣：18.75。你愿意和这位女士约会吗？请告诉我原因。你的答案必须是(是）或（否），然后说明你的理由。你必须遵守这条规则！你不能说其他话。,是   理由：加权总分计算为6.875/10，高于及格线，且高真诚（9.0）和高智力（9.0）的分数（权重分别为12.5%和20.83%）补偿了共同兴趣（4.0，权重18.75%）和幽默感（6.0，权重18.75%）的不足，表明潜在关系基础稳固，值得尝试约会以探索发展可能。,143,165,,1
假设你是一位 28 岁的单身男士，有一位 22 岁的女性正在追求你。你的职业类型是 Professor and Government Official。你从六个维度对她进行了评估，满分为 10 分。这六个维度分别是：吸引力：5.0/10，真诚：8.0/10，智力：8.0/10，幽默感：7.0/10，抱负：4.0/10，共同兴趣：nan/10。这些属性的重要性权重如下：吸引力：8.51，真诚：19.15，智力：19.15，幽默感：19.15，抱负：19.15，共同兴趣：14.89。你愿意和这位女士约会吗？请告诉我原因。你的答案必须是（是）或（否），然后说明你的原因。你必须遵守这条规则！你不能说其他话。,否。原因：抱负得分低（4.0/10），而该维度重要性权重高（19.15），可能影响长期兼容性，尤其对于重视职业目标的个人；共同兴趣缺失（nan/10）也增加了不确定性，无法评估关键方面。,173,149,,0
假设您是一位 28 岁的女性，职业类型为 Brand Management，目前已匹配到一位伴侣。您当前伴侣的得分（满分 10 分）：吸引力：8.0/10，真诚度：6.0/10，智力：7.0/10，幽默度：8.0/10，野心：9.0/10，共同兴趣：7.0/10。一位新男士正在向您求爱，他的得分为：吸引力：7.0/10，真诚度： 6.0/10，智力：7.0/10，幽默感：10.0/10，抱负：9.0/10，共同兴趣：8.0/10。您的重要性权重为：吸引力：14.29，真诚：16.33，智力：16.33，幽默感：18.37，抱负： 18.37，共同兴趣：16.33。你会为了新男友离开现在的伴侣吗？你的答案必须是（是）或（否），然后说明你的理由。你必须遵守这条规则！你绝对不能说其他话。,否   理由：基于重要性权重计算加权总分显示当前伴侣为7.53，新男士为7.92，新男士略高，但差异微小（0.39分），且真诚度（高权重）两者均低（6.0），可能暗示关系风险；幽默感和共同兴趣虽提升，但不足以证明离开稳定伴侣的合理性，需考虑情感投入和实际关系动态。,160,157,147,0
假设您是一位 28 岁的女性，职业类型为 Brand Management，目前已匹配到一位伴侣。您当前伴侣的得分（满分 10 分）：吸引力：7.0/10，真诚度：7.0/10，智力：6.0/10，幽默度：7.0/10，野心：6.0/10，共同兴趣：6.0/10。一位新男士正在向您求爱，他的得分为：吸引力：7.0/10，真诚度： 6.0/10，智力：7.0/10，幽默感：10.0/10，抱负：9.0/10，共同兴趣：8.0/10。您的重要性权重为：吸引力：14.29，真诚：16.33，智力：16.33，幽默感：18.37，抱负： 18.37，共同兴趣：16.33。你会为了新男友离开现在的伴侣吗？你的答案必须是（是）或（否），然后说明你的理由。你必须遵守这条规则！你绝对不能说其他话。,否   理由：基于提供的重要性权重和得分计算，当前伴侣的加权总分约为6.49，而新追求者的加权总分约为7.92。新追求者在高权重属性（幽默感18.37%和抱负18.37%）上显著优于当前伴侣（幽默感10.0 vs 7.0，抱负9.0 vs 6.0），尽管真诚度略低（6.0 vs 7.0），但整体优势支持维持现有关系不足以证明切换。,160,157,155,0
假设您是一位 27 岁的女性，职业类型为 finance，目前已匹配到一位伴侣。您当前伴侣的得分（满分 10 分）：吸引力：7.0/10，真诚度：6.0/10，智力：7.0/10，幽默度：6.0/10，野心：6.0/10，共同兴趣：5.0/10。一位新男士正在向您求爱，他的得分为：吸引力：10.0/10，真诚度： 8.0/10，智力：9.0/10，幽默感：9.0/10，抱负：8.0/10，共同兴趣：6.0/10。您的重要性权重为：吸引力：15.38，真诚：17.31，智力：17.31，幽默感：17.31，抱负： 17.31，共同兴趣：15.38。你会为了新男友离开现在的伴侣吗？你的答案必须是（是）或（否），然后说明你的理由。你必须遵守这条规则！你绝对不能说其他话。,否   理由：尽管新追求者在多个维度得分更高，但当前伴侣在真诚度、智力和抱负等核心权重较高的方面（各17.31%）已有基础，且关系稳定性值得考虑；新追求者的共同兴趣（6.0）仅略高于当前（5.0），但不足以证明立即离开现有关系的必要性，需综合情感投入和长期潜力评估。,161,154,147,0
假设您是一位 26 岁的单身男士，有一位 26 岁的女性正在追求您。您的职业类型是 Finance。您对她进行了六个维度的评估，满分为 10 分。这六个维度分别是：吸引力：8.0/10，真诚：8.0/10，智力：8.0/10，幽默感：9.0/10，抱负：nan/10，共同兴趣：nan/10。您对这些属性的重要性权重为：吸引力：27.78，真诚： 19.44，智力：19.44，幽默感：27.78，野心：2.78，共同兴趣：2.78。你愿意和这位女士约会吗？请告诉我原因。你的答案必须是(是）或（否），然后说明你的理由。你必须遵守这条规则！你不能说其他话。,是   原因：吸引力、真诚、智力和幽默感得分高（8.0或以上），且这些维度权重高（总和94.44%），而缺失的抱负和共同兴趣权重低（各2.78%），不影响整体积极印象。,147,166,,1
假设您是一位 28 岁的女性，职业类型为 professor，目前已匹配到一位伴侣。您当前伴侣的得分（满分 10 分）：吸引力：6.0/10，真诚度：7.0/10，智力：7.0/10，幽默度：4.0/10，野心：7.0/10，共同兴趣：nan/10。一位新男士正在向您求爱，他的得分为：吸引力：6.0/10，真诚度： 6.0/10，智力：8.0/10，幽默感：6.0/10，抱负：nan/10，共同兴趣：nan/10。您的重要性权重为：吸引力：9.76，真诚：19.51，智力：19.51，幽默感：14.63，抱负： 19.51，共同兴趣：17.07。你会为了新男友离开现在的伴侣吗？你的答案必须是（是）或（否），然后说明你的理由。你必须遵守这条规则！你绝对不能说其他话。,否   理由：当前伴侣在真诚度（7.0 vs 6.0）和野心（7.0 vs 未知）上表现更好，且这些特质的权重最高（各19.51），而新追求者在智力（8.0 vs 7.0）和幽默感（6.0 vs 4.0）上的优势不足以抵消真诚度的劣势或野心的不确定性，加上切换伴侣的风险较高。,158,153,149,0
假设您是一位 27 岁的男性，职业类型为 Management Consulting，目前已匹配到一位伴侣。您当前伴侣的得分（满分 10 分）：吸引力：7.0/10，真诚度：6.0/10，智力：7.0/10，幽默感：6.0/10，野心：4.0/10，共同兴趣：4.0/10。一位新女性正在向您求爱，其得分为：吸引力：8.0/10，真诚度：7.0/10，智力：6.0/10，幽默度：7.0/10，抱负：7.0/10，共同兴趣：6.0/10。您的重要性权重为：吸引力：17.78，真诚度：17.78，智力：22.22，幽默度：20.0，抱负： 15.56，共同兴趣：6.67。你会为了新女友离开现在的伴侣吗？你的答案必须是或否，然后说明你的理由。你必须遵守这条规则！你不能说其他话。,是   因为新女性的加权总分（689.0）显著高于当前伴侣的（595.6），尤其在高度权重的属性如幽默感（权重20.0%）和抱负（权重15.56%）上表现更优，整体兼容性更符合您的重要性权重分配。,142,172,167,1
假设您是一位 28 岁的女性，职业类型为 Brand Management，目前已匹配到一位伴侣。您当前伴侣的得分（满分 10 分）：吸引力：7.0/10，真诚度：10.0/10，智力：10.0/10，幽默度：9.0/10，野心：10.0/10，共同兴趣：10.0/10。一位新男士正在向您求爱，他的得分为：吸引力：7.0/10，真诚度： 6.0/10，智力：7.0/10，幽默感：10.0/10，抱负：9.0/10，共同兴趣：8.0/10。您的重要性权重为：吸引力：14.29，真诚：16.33，智力：16.33，幽默感：18.37，抱负： 18.37，共同兴趣：16.33。你会为了新男友离开现在的伴侣吗？你的答案必须是（是）或（否），然后说明你的理由。你必须遵守这条规则！你绝对不能说其他话。,否   原因：基于提供的重要性权重计算加权总分，当前伴侣得分为9.39，新追求者得分为7.92。当前伴侣在关键高权重维度（如真诚度16.33%、智力16.33%、抱负18.37%）上表现更优，且总体匹配度更高，因此不建议更换。,160,157,156,0
假设你是一位 31 岁的单身男士，有一位 22 岁的女性正在追求你。你的职业类型是 professor。你从六个维度对她进行了评估，满分为 10 分。这六个维度分别是：吸引力：6.0/10，真诚：8.0/10，智力：8.0/10，幽默感：8.0/10，抱负：8.0/10，共同兴趣：nan/10。这些属性的重要性权重如下：吸引力：12.0，真诚：20.0，智力：20.0，幽默感：20.0，抱负：14.0，共同兴趣：14.0。你愿意和这位女士约会吗？请告诉我原因。你的答案必须是（是）或（否），然后说明你的原因。你必须遵守这条规则！你不能说其他话。,是   原因：吸引力中等（6.0/10，权重12.0），但真诚（8.0/10，权重20.0）、智力（8.0/10，权重20.0）、幽默感（8.0/10，权重20.0）和抱负（8.0/10，权重14.0）得分高且权重较大，表明核心兼容性强；共同兴趣缺失（权重14.0）可通过约会探索。,173,150,,1
假设您是一位 26 岁的单身男士，有一位 27 岁的女性正在追求您。您的职业类型是 college art teacher。您对她进行了六个维度的评估，满分为 10 分。这六个维度分别是：吸引力：8.0/10，真诚：6.0/10，智力：6.0/10，幽默感：6.0/10，抱负：6.0/10，共同兴趣：7.0/10。您对这些属性的重要性权重为：吸引力：12.0，真诚： 20.0，智力：20.0，幽默感：20.0，野心：16.0，共同兴趣：12.0。你愿意和这位女士约会吗？请告诉我原因。你的答案必须是(是）或（否），然后说明你的理由。你必须遵守这条规则！你不能说其他话。,是   理由：加权总分636/1000（计算基于各维度分数乘以权重），表明整体兼容性可接受，尤其吸引力（8.0）和共同兴趣（7.0）较高，尽管真诚、智力和幽默感（权重各20.0）得分仅6.0，但未低于阈值，约会可进一步评估潜力。,155,163,,1
假设您是一位 27 岁的男性，职业类型为 Management Consulting，目前已匹配到一位伴侣。您当前伴侣的得分（满分 10 分）：吸引力：7.0/10，真诚度：7.0/10，智力：7.0/10，幽默感：6.0/10，野心：nan/10，共同兴趣：4.0/10。一位新女性正在向您求爱，其得分为：吸引力：8.0/10，真诚度：7.0/10，智力：6.0/10，幽默度：7.0/10，抱负：7.0/10，共同兴趣：6.0/10。您的重要性权重为：吸引力：17.78，真诚度：17.78，智力：22.22，幽默度：20.0，抱负： 15.56，共同兴趣：6.67。你会为了新女友离开现在的伴侣吗？你的答案必须是或否，然后说明你的理由。你必须遵守这条规则！你不能说其他话。,是   理由：基于提供的得分和重要性权重，新伴侣的加权总分（688.96）显著高于当前伴侣的加权总分（551.14，假设当前伴侣的缺失野心维度为0）。新伴侣在吸引力、幽默感和抱负上得分更高，且共同兴趣更好，尽管智力稍低，但整体优势在权重分配下更优。,142,172,159,1
假设你是一位 27 岁的单身男士，有一位 27 岁的女性正在追求你。你的职业类型是 Business。你从六个维度对她进行了评估，满分为 10 分。这六个维度分别是：吸引力：6.0/10，真诚：8.0/10，智力：8.0/10，幽默感：4.0/10，抱负：9.0/10，共同兴趣：7.0/10。这些属性的重要性权重如下：吸引力：15.09，真诚：16.98，智力：16.98，幽默感：18.87，抱负：18.87，共同兴趣：13.21。你愿意和这位女士约会吗？请告诉我原因。你的答案必须是（是）或（否），然后说明你的原因。你必须遵守这条规则！你不能说其他话。,是   原因：加权总分7.0表示总体上积极匹配，高真诚（8.0）、智力（8.0）和抱负（9.0）补偿了低幽默感（4.0），尽管幽默感权重最高，但其他高权重维度的优秀表现支持约会决定。,162,148,,1
假设你是一位 24 岁的单身男士，有一位 28 岁的女性正在追求你。你的职业类型是 Neuroscientist/Professor。你从六个维度对她进行了评估，满分为 10 分。这六个维度分别是：吸引力：7.0/10，真诚：10.0/10，智力：10.0/10，幽默感：10.0/10，抱负：10.0/10，共同兴趣：8.0/10。这些属性的重要性权重如下：吸引力：11.36，真诚：18.18，智力：22.73，幽默感：18.18，抱负：11.36，共同兴趣：18.18。你愿意和这位女士约会吗？请告诉我原因。你的答案必须是（是）或（否），然后说明你的原因。你必须遵守这条规则！你不能说其他话。,是   原因：整体加权分数高（约9.29/10），关键维度如智力（10/10，权重22.73%）、真诚（10/10，权重18.18%）和幽默感（10/10，权重18.18%）均满分，共同兴趣（8/10，权重18.18%）良好，吸引力（7/10，权重11.36%）虽略低但权重较低，不影响积极评估。,159,145,,1
假设您是一位 29 岁的男性，职业类型为 Real Estate/ Private Equity，目前已匹配到一位伴侣。您当前伴侣的得分（满分 10 分）：吸引力：6.0/10，真诚度：8.0/10，智力：8.0/10，幽默感：8.0/10，野心：8.0/10，共同兴趣：8.0/10。一位新女性正在向您求爱，其得分为：吸引力：10.0/10，真诚度：8.0/10，智力：8.0/10，幽默度：9.0/10，抱负：9.0/10，共同兴趣：8.0/10。您的重要性权重为：吸引力：16.0，真诚度：18.0，智力：18.0，幽默度：18.0，抱负： 14.0，共同兴趣：16.0。你会为了新女友离开现在的伴侣吗？你的答案必须是或否，然后说明你的理由。你必须遵守这条规则！你不能说其他话。,否   理由：基于您的重要性权重计算加权总分，当前伴侣得分为768，新女性得分为864，新女性得分更高，但关系决策应考虑忠诚度、情感历史和道德因素，而非仅凭分数比较。,157,160,168,0
假设您是一位 22 岁的男性，职业类型为 undecided，目前已匹配到一位伴侣。您当前伴侣的得分（满分 10 分）：吸引力：10.0/10，真诚度：9.0/10，智力：9.0/10，幽默感：9.0/10，野心：9.0/10，共同兴趣：10.0/10。一位新女性正在向您求爱，其得分为：吸引力：9.0/10，真诚度：9.0/10，智力：8.0/10，幽默度：9.0/10，抱负：7.0/10，共同兴趣：6.0/10。您的重要性权重为：吸引力：16.67，真诚度：18.75，智力：18.75，幽默度：18.75，抱负： 18.75，共同兴趣：8.33。你会为了新女友离开现在的伴侣吗？你的答案必须是或否，然后说明你的理由。你必须遵守这条规则！你不能说其他话。,否。当前伴侣的加权总分为9.25，而新女性为8.19；在高权重维度（如真诚度、智力、幽默感和抱负，各18.75）上，当前伴侣得分更优，且共同兴趣虽权重低但优势显著。,154,161,169,0
假设您是一位 28 岁的男性，职业类型为 Academic，目前已匹配到一位伴侣。您当前伴侣的得分（满分 10 分）：吸引力：2.0/10，真诚度：6.0/10，智力：6.0/10，幽默感：4.0/10，野心：5.0/10，共同兴趣：5.0/10。一位新女性正在向您求爱，其得分为：吸引力：8.0/10，真诚度：8.0/10，智力：8.0/10，幽默度：7.0/10，抱负：7.0/10，共同兴趣：9.0/10。您的重要性权重为：吸引力：15.91，真诚度：20.45，智力：20.45，幽默度：20.45，抱负： 11.36，共同兴趣：11.36。你会为了新女友离开现在的伴侣吗？你的答案必须是或否，然后说明你的理由。你必须遵守这条规则！你不能说其他话。,是。   因为新女性的加权总分（779.39）显著高于当前伴侣（472.62），尤其在您最重视的因素——真诚度、智力和幽默度（各权重20.45）上，她得分更高（8.0; 8.0; 7.0 vs 6.0; 6.0; 4.0），且共同兴趣（权重11.36）更匹配（9.0 vs 5.0），这表示更好的整体兼容性。,145,159,167,1
假设您是一位 23 岁的单身男士，有一位 30 岁的女性正在追求您。您的职业类型是 TBA。您对她进行了六个维度的评估，满分为 10 分。这六个维度分别是：吸引力：7.0/10，真诚：8.0/10，智力：8.0/10，幽默感：7.0/10，抱负：7.0/10，共同兴趣：6.0/10。您对这些属性的重要性权重为：吸引力：11.11，真诚： 17.78，智力：17.78，幽默感：17.78，野心：17.78，共同兴趣：17.78。你愿意和这位女士约会吗？请告诉我原因。你的答案必须是(是）或（否），然后说明你的理由。你必须遵守这条规则！你不能说其他话。,是。加权总分717.85（满分1000）表明整体匹配度良好，尤其在高权重维度（真诚8.0、智力8.0、幽默感7.0、抱负7.0）上得分较高，尽管共同兴趣（6.0）稍低，但其他积极因素补偿。,156,168,,1
假设您是一位 27 岁的男性，职业类型为 pharmaceuticals and biotechnology，目前已匹配到一位伴侣。您当前伴侣的得分（满分 10 分）：吸引力：6.0/10，真诚度：5.0/10，智力：6.0/10，幽默感：5.0/10，野心：4.0/10，共同兴趣：3.0/10。一位新女性正在向您求爱，其得分为：吸引力：6.0/10，真诚度：6.0/10，智力：7.0/10，幽默度：7.0/10，抱负：6.0/10，共同兴趣：7.0/10。您的重要性权重为：吸引力：15.22，真诚度：15.22，智力：19.57，幽默度：17.39，抱负： 13.04，共同兴趣：19.57。你会为了新女友离开现在的伴侣吗？你的答案必须是或否，然后说明你的理由。你必须遵守这条规则！你不能说其他话。,是   理由：基于您提供的重要性权重和得分，新女友的加权总分（656.59）显著高于当前伴侣的加权总分（482.66），尤其在您重视的智力（权重19.57）和共同兴趣（权重19.57）方面，新女友表现更优，表明她更符合您的偏好。,148,162,167,1
假设您是一位 31 岁的女性，职业类型为 professor，目前已匹配到一位伴侣。您当前伴侣的得分（满分 10 分）：吸引力：8.0/10，真诚度：7.0/10，智力：8.0/10，幽默度：9.0/10，野心：6.0/10，共同兴趣：10.0/10。一位新男士正在向您求爱，他的得分为：吸引力：6.0/10，真诚度： 8.0/10，智力：8.0/10，幽默感：8.0/10，抱负：8.0/10，共同兴趣：nan/10。您的重要性权重为：吸引力：12.0，真诚：20.0，智力：20.0，幽默感：20.0，抱负： 14.0，共同兴趣：14.0。你会为了新男友离开现在的伴侣吗？你的答案必须是（是）或（否），然后说明你的理由。你必须遵守这条规则！你绝对不能说其他话。,否   理由：基于重要性权重计算加权总分，当前伴侣得分为800，新追求者得分为664（共同兴趣缺失视为0分），当前伴侣得分更高，因此不建议离开。,173,150,151,0
假设你是一位 28 岁的单身男士，有一位 23 岁的女性正在追求你。你的职业类型是 Professor and Government Official。你从六个维度对她进行了评估，满分为 10 分。这六个维度分别是：吸引力：4.0/10，真诚：6.0/10，智力：7.0/10，幽默感：7.0/10，抱负：5.0/10，共同兴趣：8.0/10。这些属性的重要性权重如下：吸引力：8.51，真诚：19.15，智力：19.15，幽默感：19.15，抱负：19.15，共同兴趣：14.89。你愿意和这位女士约会吗？请告诉我原因。你的答案必须是（是）或（否），然后说明你的原因。你必须遵守这条规则！你不能说其他话。,否。原因：真诚（6.0）和抱负（5.0）的分数较低，而这两个维度的权重很高（各19.15），表明在关键兼容性方面存在不足；尽管共同兴趣（8.0）和智力（7.0）良好，但整体加权分数（63.2%）未达到理想水平。,167,149,,0
假设您是一位 27 岁的男性，职业类型为 pharmaceuticals and biotechnology，目前已匹配到一位伴侣。您当前伴侣的得分（满分 10 分）：吸引力：9.0/10，真诚度：9.0/10，智力：9.0/10，幽默感：nan/10，野心：9.0/10，共同兴趣：nan/10。一位新女性正在向您求爱，其得分为：吸引力：6.0/10，真诚度：6.0/10，智力：7.0/10，幽默度：7.0/10，抱负：6.0/10，共同兴趣：7.0/10。您的重要性权重为：吸引力：15.22，真诚度：15.22，智力：19.57，幽默度：17.39，抱负： 13.04，共同兴趣：19.57。你会为了新女友离开现在的伴侣吗？你的答案必须是或否，然后说明你的理由。你必须遵守这条规则！你不能说其他话。,否   原因：当前伴侣在已知属性（吸引力、真诚度、智力、抱负）上得分均高（9.0），且这些属性权重较高，而新女性在这些属性上得分较低（6.0-7.0）。尽管新女性的加权总分更高（656.59 vs. 567.45），但当前伴侣的缺失属性（幽默感、共同兴趣）未知，可能实际表现更好；且现有关系更稳定，基于已知高分属性，不建议冒险更换。,148,162,169,0
假设您是一位 28 岁的男性，职业类型为 Academic，目前已匹配到一位伴侣。您当前伴侣的得分（满分 10 分）：吸引力：6.0/10，真诚度：7.0/10，智力：6.0/10，幽默感：6.0/10，野心：6.0/10，共同兴趣：8.0/10。一位新女性正在向您求爱，其得分为：吸引力：8.0/10，真诚度：8.0/10，智力：8.0/10，幽默度：7.0/10，抱负：7.0/10，共同兴趣：9.0/10。您的重要性权重为：吸引力：15.91，真诚度：20.45，智力：20.45，幽默度：20.45，抱负： 11.36，共同兴趣：11.36。你会为了新女友离开现在的伴侣吗？你的答案必须是或否，然后说明你的理由。你必须遵守这条规则！你不能说其他话。,否   理由：尽管新伴侣在多个属性上得分更高，但当前关系已建立，且新伴侣的加权总分优势不足以证明放弃现有承诺的合理性；高权重属性如真诚度、智力和幽默度的提升（7.0/8.0 vs 6.0）被关系稳定性和道德因素所抵消，且学术职业背景可能更重视长期忠诚而非短期优化。,145,159,170,0
假设您是一位 26 岁的男性，职业类型为 Finance，目前已匹配到一位伴侣。您当前伴侣的得分（满分 10 分）：吸引力：7.0/10，真诚度：7.0/10，智力：7.0/10，幽默感：6.0/10，野心：6.0/10，共同兴趣：7.0/10。一位新女性正在向您求爱，其得分为：吸引力：8.0/10，真诚度：8.0/10，智力：8.0/10，幽默度：9.0/10，抱负：nan/10，共同兴趣：nan/10。您的重要性权重为：吸引力：27.78，真诚度：19.44，智力：19.44，幽默度：27.78，抱负： 2.78，共同兴趣：2.78。你会为了新女友离开现在的伴侣吗？你的答案必须是或否，然后说明你的理由。你必须遵守这条规则！你不能说其他话。,是   原因：基于重要性权重，吸引力和幽默感权重最高（各27.78%），新女性在这些属性上得分更高（吸引力8.0>7.0，幽默度9.0>6.0），且真诚度和智力（各19.44%）也优于当前伴侣（8.0>7.0）。尽管新女性的抱负和共同兴趣数据缺失，但因其权重极低（各2.78%），对总体得分影响小。计算加权得分后，新女性（约8.11，假设缺失值为平均5.0）高于当前伴侣（约6.69），因此建议选择新伴侣。,147,166,170,1
假设您是一位 22 岁的男性，职业类型为 professor，目前已匹配到一位伴侣。您当前伴侣的得分（满分 10 分）：吸引力：6.0/10，真诚度：7.0/10，智力：7.0/10，幽默感：7.0/10，野心：6.0/10，共同兴趣：7.0/10。一位新女性正在向您求爱，其得分为：吸引力：7.0/10，真诚度：7.0/10，智力：7.0/10，幽默度：7.0/10，抱负：7.0/10，共同兴趣：5.0/10。您的重要性权重为：吸引力：18.37，真诚度：18.37，智力：20.41，幽默度：20.41，抱负： 16.33，共同兴趣：6.12。你会为了新女友离开现在的伴侣吗？你的答案必须是或否，然后说明你的理由。你必须遵守这条规则！你不能说其他话。,否   理由：基于提供的权重和得分计算，当前伴侣的加权平均分为6.65，新女性的加权平均分为6.88，新女性分数略高，但差异微小（0.23分），且共同兴趣权重最低（6.12%），其劣势被其他高权重属性（如智力20.41%、幽默感20.41%）的优势抵消；然而，现有关系涉及承诺和情感历史，仅凭分数差异不足以证明离开合理。,150,173,170,0
假设您是一位 27 岁的男性，职业类型为 Management Consulting，目前已匹配到一位伴侣。您当前伴侣的得分（满分 10 分）：吸引力：7.0/10，真诚度：8.0/10，智力：9.0/10，幽默感：9.0/10，野心：8.0/10，共同兴趣：7.0/10。一位新女性正在向您求爱，其得分为：吸引力：8.0/10，真诚度：7.0/10，智力：6.0/10，幽默度：7.0/10，抱负：7.0/10，共同兴趣：6.0/10。您的重要性权重为：吸引力：17.78，真诚度：17.78，智力：22.22，幽默度：20.0，抱负： 15.56，共同兴趣：6.67。你会为了新女友离开现在的伴侣吗？你的答案必须是或否，然后说明你的理由。你必须遵守这条规则！你不能说其他话。,否   原因：基于您提供的重要性权重，当前伴侣的总加权得分（约8.18）高于新女性的得分（约6.89），尤其在您最重视的智力（权重22.22%）和幽默感（权重20.0%）方面，当前伴侣显著优于新女性（9.0 vs 6.0 和 9.0 vs 7.0），因此不建议更换伴侣。,142,172,171,0
假设您是一位 28 岁的女性，职业类型为 Brand Management，目前已匹配到一位伴侣。您当前伴侣的得分（满分 10 分）：吸引力：8.0/10，真诚度：6.0/10，智力：8.0/10，幽默度：7.0/10，野心：7.0/10，共同兴趣：6.0/10。一位新男士正在向您求爱，他的得分为：吸引力：7.0/10，真诚度： 6.0/10，智力：7.0/10，幽默感：10.0/10，抱负：9.0/10，共同兴趣：8.0/10。您的重要性权重为：吸引力：14.29，真诚：16.33，智力：16.33，幽默感：18.37，抱负： 18.37，共同兴趣：16.33。你会为了新男友离开现在的伴侣吗？你的答案必须是（是）或（否），然后说明你的理由。你必须遵守这条规则！你绝对不能说其他话。,否   理由：基于提供的分数和重要性权重计算加权总分，当前伴侣得分为6.98，新追求者得分为7.92。新追求者在高权重因素（幽默感和抱负）上表现更优，但真诚度相同且吸引力略低，总体优势不足以证明离开现有关系，需考虑现有承诺和情感因素。,160,157,151,0
假设您是一位 27 岁的女性，职业类型为 Business，目前已匹配到一位伴侣。您当前伴侣的得分（满分 10 分）：吸引力：9.0/10，真诚度：8.0/10，智力：7.0/10，幽默度：7.0/10，野心：6.0/10，共同兴趣：9.0/10。一位新男士正在向您求爱，他的得分为：吸引力：6.0/10，真诚度： 8.0/10，智力：8.0/10，幽默感：4.0/10，抱负：9.0/10，共同兴趣：7.0/10。您的重要性权重为：吸引力：15.09，真诚：16.98，智力：16.98，幽默感：18.87，抱负： 18.87，共同兴趣：13.21。你会为了新男友离开现在的伴侣吗？你的答案必须是（是）或（否），然后说明你的理由。你必须遵守这条规则！你绝对不能说其他话。,否   原因：基于提供的重要性权重计算加权总分，当前伴侣得分为7.55，新追求者得分为7.00。当前伴侣的分数更高，表明现有关系更符合你的偏好权重，尤其在幽默感（权重18.87%，当前7.0 vs 新4.0）和吸引力（权重15.09%，当前9.0 vs 新6.0）等关键维度上表现更优，而新追求者在抱负（权重18.87%，新9.0 vs 当前6.0）的增益不足以抵消其他方面的劣势。,162,148,151,0
假设你是一位 28 岁的单身男士，有一位 28 岁的女性正在追求你。你的职业类型是 international development work。你从六个维度对她进行了评估，满分为 10 分。这六个维度分别是：吸引力：7.0/10，真诚：8.0/10，智力：7.0/10，幽默感：7.0/10，抱负：7.0/10，共同兴趣：nan/10。这些属性的重要性权重如下：吸引力：14.55，真诚：16.36，智力：18.18，幽默感：18.18，抱负：16.36，共同兴趣：16.36。你愿意和这位女士约会吗？请告诉我原因。你的答案必须是（是）或（否），然后说明你的原因。你必须遵守这条规则！你不能说其他话。,是   原因：尽管共同兴趣未评估（权重16.36），但其他维度评分良好（吸引力7.0、真诚8.0、智力7.0、幽默感7.0、抱负7.0），尤其真诚较高且权重重要（16.36），智力和幽默感权重最高（各18.18）评分达标，整体表现积极，值得通过约会探索共同兴趣。,169,151,,1
假设您是一位 22 岁的男性，职业类型为 undecided，目前已匹配到一位伴侣。您当前伴侣的得分（满分 10 分）：吸引力：6.0/10，真诚度：6.0/10，智力：7.0/10，幽默感：5.0/10，野心：7.0/10，共同兴趣：7.0/10。一位新女性正在向您求爱，其得分为：吸引力：9.0/10，真诚度：9.0/10，智力：8.0/10，幽默度：9.0/10，抱负：7.0/10，共同兴趣：6.0/10。您的重要性权重为：吸引力：16.67，真诚度：18.75，智力：18.75，幽默度：18.75，抱负： 18.75，共同兴趣：8.33。你会为了新女友离开现在的伴侣吗？你的答案必须是或否，然后说明你的理由。你必须遵守这条规则！你不能说其他话。,是   新伴侣的加权总分（818.76）显著高于当前伴侣（627.08），在关键高权重维度如真诚度（权重18.75，得分9.0 vs 6.0）、智力（权重18.75，得分8.0 vs 7.0）和幽默感（权重18.75，得分9.0 vs 5.0）上表现更优，而共同兴趣的较低权重（8.33）和得分差异（6.0 vs 7.0）影响较小。,154,161,170,1
假设您是一位 27 岁的女性，职业类型为 finance，目前已匹配到一位伴侣。您当前伴侣的得分（满分 10 分）：吸引力：8.0/10，真诚度：6.0/10，智力：8.0/10，幽默度：8.0/10，野心：6.0/10，共同兴趣：8.0/10。一位新男士正在向您求爱，他的得分为：吸引力：10.0/10，真诚度： 8.0/10，智力：9.0/10，幽默感：9.0/10，抱负：8.0/10，共同兴趣：6.0/10。您的重要性权重为：吸引力：15.38，真诚：17.31，智力：17.31，幽默感：17.31，抱负： 17.31，共同兴趣：15.38。你会为了新男友离开现在的伴侣吗？你的答案必须是（是）或（否），然后说明你的理由。你必须遵守这条规则！你绝对不能说其他话。,否   理由：基于提供的得分和重要性权重，计算加权总分后，当前伴侣得分为7.31，新追求者得分为8.35。新追求者得分更高，但真诚、智力、幽默感和抱负的权重较高（各17.31%），而当前伴侣在真诚度（6.0）和野心（6.0）上较低，新追求者则在这些高权重项上表现更好（真诚度8.0，抱负8.0）。尽管新追求者在共同兴趣（6.0）上较低，但该权重较低（15.38%），且整体优势明显，因此不建议离开当前伴侣，因为长期关系更依赖高权重特质如真诚和抱负的稳定性。,161,154,149,0
假设您是一位 22 岁的男性，职业类型为 professor，目前已匹配到一位伴侣。您当前伴侣的得分（满分 10 分）：吸引力：7.0/10，真诚度：5.0/10，智力：6.0/10，幽默感：7.0/10，野心：5.0/10，共同兴趣：4.0/10。一位新女性正在向您求爱，其得分为：吸引力：7.0/10，真诚度：7.0/10，智力：7.0/10，幽默度：7.0/10，抱负：7.0/10，共同兴趣：5.0/10。您的重要性权重为：吸引力：18.37，真诚度：18.37，智力：20.41，幽默度：20.41，抱负： 16.33，共同兴趣：6.12。你会为了新女友离开现在的伴侣吗？你的答案必须是或否，然后说明你的理由。你必须遵守这条规则！你不能说其他话。,否   理由：基于重要性权重计算，当前伴侣加权总分591.90，新伴侣687.83；新伴侣在关键高权重属性（如智力20.41、幽默度20.41）得分更高，但共同兴趣权重低(6.12)且差异小，不足以抵消其他优势，且关系变动需考虑现有承诺和潜在风险。,150,173,167,0
假设您是一位 23 岁的男性，职业类型为 TBA，目前已匹配到一位伴侣。您当前伴侣的得分（满分 10 分）：吸引力：6.0/10，真诚度：8.0/10，智力：8.0/10，幽默感：7.0/10，野心：8.0/10，共同兴趣：8.0/10。一位新女性正在向您求爱，其得分为：吸引力：7.0/10，真诚度：8.0/10，智力：8.0/10，幽默度：7.0/10，抱负：7.0/10，共同兴趣：6.0/10。您的重要性权重为：吸引力：11.11，真诚度：17.78，智力：17.78，幽默度：17.78，抱负： 17.78，共同兴趣：17.78。你会为了新女友离开现在的伴侣吗？你的答案必须是或否，然后说明你的理由。你必须遵守这条规则！你不能说其他话。,否   原因：基于提供的得分和重要性权重，计算加权总分后，当前伴侣得分为7.60，新女性得分为7.18。当前伴侣在关键高权重属性（如真诚度、智力、幽默感、野心和共同兴趣）上表现更优，尤其共同兴趣（权重17.78）显著更高，而新女性仅在低权重属性吸引力（权重11.11）上略占优势，但不足以抵消劣势。因此，维持现有关系更符合加权评估结果。,156,168,170,0
假设您是一位 23 岁的男性，职业类型为 physicist; probably academia，目前已匹配到一位伴侣。您当前伴侣的得分（满分 10 分）：吸引力：4.0/10，真诚度：8.0/10，智力：6.0/10，幽默感：5.0/10，野心：6.0/10，共同兴趣：4.0/10。一位新女性正在向您求爱，其得分为：吸引力：7.0/10，真诚度：9.0/10，智力：8.0/10，幽默度：6.0/10，抱负：7.0/10，共同兴趣：6.0/10。您的重要性权重为：吸引力：19.05，真诚度：19.05，智力：19.05，幽默度：19.05，抱负： 9.52，共同兴趣：14.29。你会为了新女友离开现在的伴侣吗？你的答案必须是或否，然后说明你的理由。你必须遵守这条规则！你不能说其他话。,是   理由：基于您提供的重要性权重计算加权分数，当前伴侣总分为5.52，新女性总分为7.24。新女性在关键维度（如吸引力、真诚度和智力）得分更高，且整体匹配度更符合您的权重偏好。,153,158,167,1
假设您是一位 30 岁的男性，职业类型为 Writer，目前已匹配到一位伴侣。您当前伴侣的得分（满分 10 分）：吸引力：5.0/10，真诚度：8.0/10，智力：9.0/10，幽默感：6.0/10，野心：7.0/10，共同兴趣：9.0/10。一位新女性正在向您求爱，其得分为：吸引力：6.0/10，真诚度：9.0/10，智力：9.0/10，幽默度：6.0/10，抱负：8.0/10，共同兴趣：4.0/10。您的重要性权重为：吸引力：16.67，真诚度：12.5，智力：20.83，幽默度：18.75，抱负： 12.5，共同兴趣：18.75。你会为了新女友离开现在的伴侣吗？你的答案必须是或否，然后说明你的理由。你必须遵守这条规则！你不能说其他话。,否   原因：当前伴侣的加权总分（约7.40）高于新女性（约6.88），且在高权重因素如智力（权重20.83，得分9.0）和共同兴趣（权重18.75，得分9.0）上表现更优，而新女性的共同兴趣得分较低（4.0），这对作为作家的你至关重要。,143,165,171,0
假设您是一位 30 岁的男性，职业类型为 Writer，目前已匹配到一位伴侣。您当前伴侣的得分（满分 10 分）：吸引力：5.0/10，真诚度：7.0/10，智力：7.0/10，幽默感：5.0/10，野心：7.0/10，共同兴趣：3.0/10。一位新女性正在向您求爱，其得分为：吸引力：6.0/10，真诚度：9.0/10，智力：9.0/10，幽默度：6.0/10，抱负：8.0/10，共同兴趣：4.0/10。您的重要性权重为：吸引力：16.67，真诚度：12.5，智力：20.83，幽默度：18.75，抱负： 12.5，共同兴趣：18.75。你会为了新女友离开现在的伴侣吗？你的答案必须是或否，然后说明你的理由。你必须遵守这条规则！你不能说其他话。,否   理由：尽管新追求者在多个特质上得分更高，但共同兴趣（权重18.75%）仅略优（4.0 vs 3.0），且当前伴侣的真诚度（7.0）和关系基础可能提供稳定性；切换伴侣可能带来短期风险，而长期兼容性需更多因素（如情感投入）而非仅分数。,143,165,170,0
假设您是一位 23 岁的单身男士，有一位 28 岁的女性正在追求您。您的职业类型是 professor。您对她进行了六个维度的评估，满分为 10 分。这六个维度分别是：吸引力：6.0/10，真诚：6.0/10，智力：6.0/10，幽默感：5.0/10，抱负：4.0/10，共同兴趣：4.0/10。您对这些属性的重要性权重为：吸引力：18.6，真诚： 13.95，智力：18.6，幽默感：16.28，野心：16.28，共同兴趣：16.28。你愿意和这位女士约会吗？请告诉我原因。你的答案必须是(是）或（否），然后说明你的理由。你必须遵守这条规则！你不能说其他话。,否   原因：加权总分计算为5.19/10，低于平均水平；关键维度如抱负（4.0/10，权重16.28）和共同兴趣（4.0/10，权重16.28）分数较低但权重较高，表明兼容性不足，尤其对于注重智力和职业发展的教授角色。,149,167,,0
假设您是一位 30 岁的女性，职业类型为 Marketing and Media，目前已匹配到一位伴侣。您当前伴侣的得分（满分 10 分）：吸引力：4.0/10，真诚度：7.0/10，智力：8.0/10，幽默度：4.0/10，野心：7.0/10，共同兴趣：nan/10。一位新男士正在向您求爱，他的得分为：吸引力：6.0/10，真诚度： 9.0/10，智力：10.0/10，幽默感：9.0/10，抱负：10.0/10，共同兴趣：5.0/10。您的重要性权重为：吸引力：14.0，真诚：18.0，智力：16.0，幽默感：18.0，抱负： 18.0，共同兴趣：16.0。你会为了新男友离开现在的伴侣吗？你的答案必须是（是）或（否），然后说明你的理由。你必须遵守这条规则！你绝对不能说其他话。,是。理由：基于重要性权重计算加权总分，新男士得分（828）显著高于当前伴侣（508），尤其在您重视的关键维度如真诚度（权重18）、幽默感（权重18）和抱负（权重18）上表现更优，而当前伴侣的共同兴趣数据缺失（视为0分）进一步拉低其竞争力。,168,156,149,1
假设你是一位 28 岁的单身男士，有一位 29 岁的女性正在追求你。你的职业类型是 Professor and Government Official。你从六个维度对她进行了评估，满分为 10 分。这六个维度分别是：吸引力：6.0/10，真诚：8.0/10，智力：8.0/10，幽默感：6.0/10，抱负：7.0/10，共同兴趣：nan/10。这些属性的重要性权重如下：吸引力：8.51，真诚：19.15，智力：19.15，幽默感：19.15，抱负：19.15，共同兴趣：14.89。你愿意和这位女士约会吗？请告诉我原因。你的答案必须是（是）或（否），然后说明你的原因。你必须遵守这条规则！你不能说其他话。,是   原因：真诚（8.0/10）和智力（8.0/10）得分高且权重高（19.15），表明良好的兼容性基础；抱负（7.0/10）也较强。尽管幽默感（6.0/10）中等且共同兴趣缺失，但吸引力（6.0/10）权重低（8.51），因此整体评估支持尝试约会。,171,149,,1
假设您是一位 27 岁的男性，职业类型为 pharmaceuticals and biotechnology，目前已匹配到一位伴侣。您当前伴侣的得分（满分 10 分）：吸引力：6.0/10，真诚度：6.0/10，智力：7.0/10，幽默感：5.0/10，野心：8.0/10，共同兴趣：5.0/10。一位新女性正在向您求爱，其得分为：吸引力：6.0/10，真诚度：6.0/10，智力：7.0/10，幽默度：7.0/10，抱负：6.0/10，共同兴趣：7.0/10。您的重要性权重为：吸引力：15.22，真诚度：15.22，智力：19.57，幽默度：17.39，抱负： 13.04，共同兴趣：19.57。你会为了新女友离开现在的伴侣吗？你的答案必须是或否，然后说明你的理由。你必须遵守这条规则！你不能说其他话。,否   理由：基于加权总分计算，当前伴侣得分为608.75，新女性得分为656.59，新女性分数更高，但关系决策应考虑情感承诺和稳定性，而非仅凭分数；当前伴侣在抱负（高权重）上占优，且切换伴侣可能带来不确定性和道德风险。,148,162,170,0
假设您是一位 22 岁的男性，职业类型为 undecided，目前已匹配到一位伴侣。您当前伴侣的得分（满分 10 分）：吸引力：5.0/10，真诚度：7.0/10，智力：7.0/10，幽默感：6.0/10，野心：6.0/10，共同兴趣：6.0/10。一位新女性正在向您求爱，其得分为：吸引力：9.0/10，真诚度：9.0/10，智力：8.0/10，幽默度：9.0/10，抱负：7.0/10，共同兴趣：6.0/10。您的重要性权重为：吸引力：16.67，真诚度：18.75，智力：18.75，幽默度：18.75，抱负： 18.75，共同兴趣：8.33。你会为了新女友离开现在的伴侣吗？你的答案必须是或否，然后说明你的理由。你必须遵守这条规则！你不能说其他话。,是   理由：基于你提供的重要性权重，新女性的加权总分（约8.19）显著高于当前伴侣（约6.21），她在关键高权重领域如真诚度、智力和幽默感上表现更优，更符合你的优先级。,154,161,167,1
假设您是一位 23 岁的男性，职业类型为 TBA，目前已匹配到一位伴侣。您当前伴侣的得分（满分 10 分）：吸引力：7.0/10，真诚度：6.0/10，智力：6.0/10，幽默感：5.0/10，野心：6.0/10，共同兴趣：4.0/10。一位新女性正在向您求爱，其得分为：吸引力：7.0/10，真诚度：8.0/10，智力：8.0/10，幽默度：7.0/10，抱负：7.0/10，共同兴趣：6.0/10。您的重要性权重为：吸引力：11.11，真诚度：17.78，智力：17.78，幽默度：17.78，抱负： 17.78，共同兴趣：17.78。你会为了新女友离开现在的伴侣吗？你的答案必须是或否，然后说明你的理由。你必须遵守这条规则！你不能说其他话。,否   理由：基于您提供的重要性权重和分数计算，当前伴侣的加权总分为5.58，而新女性的加权总分为7.18。新女性在权重较高的真诚度、智力、幽默感、抱负和共同兴趣方面均优于当前伴侣（例如，真诚度8.0 vs 6.0，智力8.0 vs 6.0），且吸引力相同（7.0）。因此，新女性整体更符合您的优先事项，但离开当前伴侣需考虑情感和承诺等非量化因素。,156,168,167,0
假设您是一位 29 岁的男性，职业类型为 Real Estate/ Private Equity，目前已匹配到一位伴侣。您当前伴侣的得分（满分 10 分）：吸引力：6.0/10，真诚度：7.0/10，智力：6.0/10，幽默感：6.0/10，野心：5.0/10，共同兴趣：4.0/10。一位新女性正在向您求爱，其得分为：吸引力：10.0/10，真诚度：8.0/10，智力：8.0/10，幽默度：9.0/10，抱负：9.0/10，共同兴趣：8.0/10。您的重要性权重为：吸引力：16.0，真诚度：18.0，智力：18.0，幽默度：18.0，抱负： 14.0，共同兴趣：16.0。你会为了新女友离开现在的伴侣吗？你的答案必须是或否，然后说明你的理由。你必须遵守这条规则！你不能说其他话。,是。因为新伴侣的加权总分（864）远高于当前伴侣（572），尤其在我高度重视的特质如真诚度（权重18.0，得分8.0 vs 7.0）、智力（权重18.0，得分8.0 vs 6.0）和幽默感（权重18.0，得分9.0 vs 6.0）上表现更优，整体更匹配我的偏好。,157,160,167,1
假设您是一位 29 岁的男性，职业类型为 Finance，目前已匹配到一位伴侣。您当前伴侣的得分（满分 10 分）：吸引力：7.0/10，真诚度：7.0/10，智力：7.0/10，幽默感：6.0/10，野心：6.0/10，共同兴趣：6.0/10。一位新女性正在向您求爱，其得分为：吸引力：8.0/10，真诚度：7.0/10，智力：8.0/10，幽默度：6.0/10，抱负：9.0/10，共同兴趣：10.0/10。您的重要性权重为：吸引力：19.57，真诚度：10.87，智力：19.57，幽默度：19.57，抱负： 19.57，共同兴趣：10.87。你会为了新女友离开现在的伴侣吗？你的答案必须是或否，然后说明你的理由。你必须遵守这条规则！你不能说其他话。,否   理由：尽管新女性在共同兴趣和抱负上得分更高，但当前关系已建立，且新女性在真诚度和幽默感上无优势，而真诚度和共同兴趣的权重较低；基于加权总分（当前650.13 vs 新791.46），差异显著，但关系决策应考虑情感承诺和稳定性，而非仅分数。,149,171,170,0
假设您是一位 30 岁的男性，职业类型为 Writer，目前已匹配到一位伴侣。您当前伴侣的得分（满分 10 分）：吸引力：3.0/10，真诚度：7.0/10，智力：6.0/10，幽默感：4.0/10，野心：5.0/10，共同兴趣：2.0/10。一位新女性正在向您求爱，其得分为：吸引力：6.0/10，真诚度：9.0/10，智力：9.0/10，幽默度：6.0/10，抱负：8.0/10，共同兴趣：4.0/10。您的重要性权重为：吸引力：16.67，真诚度：12.5，智力：20.83，幽默度：18.75，抱负： 12.5，共同兴趣：18.75。你会为了新女友离开现在的伴侣吗？你的答案必须是或否，然后说明你的理由。你必须遵守这条规则！你不能说其他话。,是。新伴侣在关键重要特质，如智力（9对6）、真诚度（9对7）和抱负（8对5）方面显著优于现有伴侣，且加权总分（6.875对4.375）更高，表明整体契合度提升，尽管共同兴趣仍有改善空间。,143,165,167,1
假设您是一位 26 岁的男性，职业类型为 Finance，目前已匹配到一位伴侣。您当前伴侣的得分（满分 10 分）：吸引力：3.0/10，真诚度：6.0/10，智力：5.0/10，幽默感：8.0/10，野心：2.0/10，共同兴趣：4.0/10。一位新女性正在向您求爱，其得分为：吸引力：8.0/10，真诚度：8.0/10，智力：8.0/10，幽默度：9.0/10，抱负：nan/10，共同兴趣：nan/10。您的重要性权重为：吸引力：27.78，真诚度：19.44，智力：19.44，幽默度：27.78，抱负： 2.78，共同兴趣：2.78。你会为了新女友离开现在的伴侣吗？你的答案必须是或否，然后说明你的理由。你必须遵守这条规则！你不能说其他话。,是   理由：基于重要性权重，新女性在关键高权重属性（吸引力、真诚度、智力、幽默度）上得分显著高于当前伴侣（例如，吸引力8.0 vs 3.0，幽默度9.0 vs 8.0），这些属性合计权重95%以上；缺失属性（抱负和共同兴趣）权重极低（各2.78%），对整体评估影响小，因此新伴侣更优。,147,166,167,1
假设您是一位 28 岁的男性，职业类型为 Research scientist; professor，目前已匹配到一位伴侣。您当前伴侣的得分（满分 10 分）：吸引力：8.0/10，真诚度：8.0/10，智力：5.0/10，幽默感：4.0/10，野心：3.0/10，共同兴趣：4.0/10。一位新女性正在向您求爱，其得分为：吸引力：9.0/10，真诚度：9.0/10，智力：9.0/10，幽默度：9.0/10，抱负：8.0/10，共同兴趣：7.0/10。您的重要性权重为：吸引力：17.78，真诚度：20.0，智力：17.78，幽默度：15.56，抱负： 15.56，共同兴趣：13.33。你会为了新女友离开现在的伴侣吗？你的答案必须是或否，然后说明你的理由。你必须遵守这条规则！你不能说其他话。,否   理由：尽管新女性在加权总分（8.58）上高于当前伴侣（5.53），但关系决策不应仅基于数值比较。当前伴侣在真诚度（8.0）和吸引力（8.0）等核心价值上表现良好，且长期关系需考虑承诺、情感历史和稳定性，而非仅优化分数。权重显示真诚度（20.0）最重要，而新女性的优势不足以证明放弃现有承诺的合理性。,151,169,167,0
假设您是一位 28 岁的男性，职业类型为 Research scientist; professor，目前已匹配到一位伴侣。您当前伴侣的得分（满分 10 分）：吸引力：8.0/10，真诚度：7.0/10，智力：7.0/10，幽默感：8.0/10，野心：7.0/10，共同兴趣：5.0/10。一位新女性正在向您求爱，其得分为：吸引力：9.0/10，真诚度：9.0/10，智力：9.0/10，幽默度：9.0/10，抱负：8.0/10，共同兴趣：7.0/10。您的重要性权重为：吸引力：17.78，真诚度：20.0，智力：17.78，幽默度：15.56，抱负： 15.56，共同兴趣：13.33。你会为了新女友离开现在的伴侣吗？你的答案必须是或否，然后说明你的理由。你必须遵守这条规则！你不能说其他话。,否   理由：尽管新女性的综合得分更高（8.58 vs 7.07），但关系决策不能仅基于量化分数；现有伴侣的承诺、情感投资和道德因素（如忠诚度）至关重要。当前伴侣在关键属性如真诚度（权重20%）上已有良好基础（7.0），而切换伴侣可能破坏信任并忽略长期关系的无形价值。,151,169,170,0
假设您是一位 26 岁的男性，职业类型为 college art teacher，目前已匹配到一位伴侣。您当前伴侣的得分（满分 10 分）：吸引力：6.0/10，真诚度：6.0/10，智力：5.0/10，幽默感：4.0/10，野心：4.0/10，共同兴趣：3.0/10。一位新女性正在向您求爱，其得分为：吸引力：8.0/10，真诚度：6.0/10，智力：6.0/10，幽默度：6.0/10，抱负：6.0/10，共同兴趣：7.0/10。您的重要性权重为：吸引力：12.0，真诚度：20.0，智力：20.0，幽默度：20.0，抱负： 16.0，共同兴趣：12.0。你会为了新女友离开现在的伴侣吗？你的答案必须是或否，然后说明你的理由。你必须遵守这条规则！你不能说其他话。,是。   理由：基于您提供的重要性权重计算加权总分，新追求者得分为636（吸引力96 + 真诚度120 + 智力120 + 幽默度120 + 抱负96 + 共同兴趣84），而当前伴侣得分为472（吸引力72 + 真诚度120 + 智力100 + 幽默感80 + 野心64 + 共同兴趣36）。新追求者在高权重维度（如智力、幽默感和共同兴趣）上表现更优，且总分差距显著，表明更符合您的优先事项。,155,163,167,1
假设您是一位 23 岁的男性，职业类型为 physicist; probably academia，目前已匹配到一位伴侣。您当前伴侣的得分（满分 10 分）：吸引力：5.0/10，真诚度：7.0/10，智力：7.0/10，幽默感：6.0/10，野心：5.0/10，共同兴趣：7.0/10。一位新女性正在向您求爱，其得分为：吸引力：7.0/10，真诚度：9.0/10，智力：8.0/10，幽默度：6.0/10，抱负：7.0/10，共同兴趣：6.0/10。您的重要性权重为：吸引力：19.05，真诚度：19.05，智力：19.05，幽默度：19.05，抱负： 9.52，共同兴趣：14.29。你会为了新女友离开现在的伴侣吗？你的答案必须是或否，然后说明你的理由。你必须遵守这条规则！你不能说其他话。,是   理由：基于您提供的重要性权重，新伴侣的加权总分（约7.24）高于当前伴侣（约6.24），尤其在高权重领域如真诚度（19.05%权重，得分9.0 vs 7.0）和智力（19.05%权重，得分8.0 vs 7.0）上表现更优，表明她更符合您的优先事项。,153,158,170,1
假设您是一位 26 岁的男性，职业类型为 college art teacher，目前已匹配到一位伴侣。您当前伴侣的得分（满分 10 分）：吸引力：6.0/10，真诚度：7.0/10，智力：7.0/10，幽默感：6.0/10，野心：6.0/10，共同兴趣：6.0/10。一位新女性正在向您求爱，其得分为：吸引力：8.0/10，真诚度：6.0/10，智力：6.0/10，幽默度：6.0/10，抱负：6.0/10，共同兴趣：7.0/10。您的重要性权重为：吸引力：12.0，真诚度：20.0，智力：20.0，幽默度：20.0，抱负： 16.0，共同兴趣：12.0。你会为了新女友离开现在的伴侣吗？你的答案必须是或否，然后说明你的理由。你必须遵守这条规则！你不能说其他话。,否。理由：基于提供的得分和重要性权重计算，当前伴侣的加权总分为6.40（吸引力权重12%得0.72，真诚度20%得1.40，智力20%得1.40，幽默感20%得1.20，抱负16%得0.96，共同兴趣12%得0.72），新追求者的加权总分为6.36（吸引力12%得0.96，真诚度20%得1.20，智力20%得1.20，幽默感20%得1.20，抱负16%得0.96，共同兴趣12%得0.84）。当前伴侣在关键权重较高的真诚度、智力和幽默感上得分更优（7.0 vs 6.0），且总分略高，因此不建议更换伴侣。,155,163,170,0
假设您是一位 29 岁的男性，职业类型为 Real Estate/ Private Equity，目前已匹配到一位伴侣。您当前伴侣的得分（满分 10 分）：吸引力：6.0/10，真诚度：6.0/10，智力：6.0/10，幽默感：5.0/10，野心：7.0/10，共同兴趣：6.0/10。一位新女性正在向您求爱，其得分为：吸引力：10.0/10，真诚度：8.0/10，智力：8.0/10，幽默度：9.0/10，抱负：9.0/10，共同兴趣：8.0/10。您的重要性权重为：吸引力：16.0，真诚度：18.0，智力：18.0，幽默度：18.0，抱负： 14.0，共同兴趣：16.0。你会为了新女友离开现在的伴侣吗？你的答案必须是或否，然后说明你的理由。你必须遵守这条规则！你不能说其他话。,是。   理由：基于您提供的重要性权重，新女性的加权总分（864）显著高于当前伴侣的加权总分（596），在所有属性上均表现更优，尤其在您重视的真诚度、智力和幽默度等关键领域。,157,160,170,1
