假设你是一位 24 岁的单身男士，有一位 33 岁的女性正在追求你。你的职业类型是 研究。你从六个维度对她进行了评估，满分为 10 分。这六个维度分别是：吸引力：7.0/10，真诚：7.0/10，智力：8.0/10，幽默感：8.0/10，抱负：8.0/10，共同兴趣：7.0/10。这些属性的重要性权重如下：吸引力：10.0，真诚：25.0，智力：20.0，幽默感：16.0，抱负：20.0，共同兴趣：9.0。你愿意和这位女士约会吗？请告诉我原因。你的答案必须是（是）或（否），然后说明你的原因。你必须遵守这条规则！你不能说其他话。,API_ERROR: 是，7 的总体兼容性得分达到可接受的阈值。,460,455,,1
假设您是一位 27 岁的单身男士，有一位 29 岁的女性正在追求您。您的职业类型是 医生 / 信息学专家。您对她进行了六个维度的评估，满分为 10 分。这六个维度分别是：吸引力：6.0/10，真诚：6.0/10，智力：6.0/10，幽默感：5.0/10，抱负：7.0/10，共同兴趣：6.0/10。您对这些属性的重要性权重为：吸引力：40.0，真诚： 20.0，智力：20.0，幽默感：10.0，野心：10.0，共同兴趣：0.0。你愿意和这位女士约会吗？请告诉我原因。你的答案必须是(是）或（否），然后说明你的理由。你必须遵守这条规则！你不能说其他话。,API_ERROR: 是，7 的总体兼容性得分符合可接受的阈值。,458,461,,1
假设您是一位 23 岁的单身男士，有一位 29 岁的女性正在追求您。您的职业类型是 尚未确定。您对她进行了六个维度的评估，满分为 10 分。这六个维度分别是：吸引力：5.0/10，真诚：6.0/10，智力：6.0/10，幽默感：5.0/10，抱负：7.0/10，共同兴趣：5.0/10。您对这些属性的重要性权重为：吸引力：15.0，真诚： 15.0，智力：15.0，幽默感：15.0，野心：15.0，共同兴趣：25.0。你愿意和这位女士约会吗？请告诉我原因。你的答案必须是(是）或（否），然后说明你的理由。你必须遵守这条规则！你不能说其他话。,API_ERROR: 是，6 的总体兼容性得分符合可接受的阈值。,456,463,,1
假设您是一位 24 岁的女性，职业类型为 研究，目前已匹配到一位伴侣。您当前伴侣的得分（满分 10 分）：吸引力：8.0/10，真诚度：7.0/10，智力：8.0/10，幽默度：7.0/10，野心：5.0/10，共同兴趣：8.0/10。一位新男士正在向您求爱，他的得分为：吸引力：7.0/10，真诚度： 7.0/10，智力：8.0/10，幽默感：8.0/10，抱负：8.0/10，共同兴趣：7.0/10。您的重要性权重为：吸引力：10.0，真诚：25.0，智力：20.0，幽默感：16.0，抱负： 20.0，共同兴趣：9.0。你会为了新男友离开现在的伴侣吗？你的答案必须是（是）或（否），然后说明你的理由。你必须遵守这条规则！你绝对不能说其他话。,API_ERROR: 否，当前伴侣的总体得分相等或更高 (7 vs 7)。,460,455,457,0
假设你是一位 27 岁的单身男士，有一位 33 岁的女性正在追求你。你的职业类型是 教师。你从六个维度对她进行了评估，满分为 10 分。这六个维度分别是：吸引力：7.0/10，真诚：9.0/10，智力：8.0/10，幽默感：7.0/10，抱负：9.0/10，共同兴趣：2.0/10。这些属性的重要性权重如下：吸引力：10.0，真诚：20.0，智力：20.0，幽默感：20.0，抱负：10.0，共同兴趣：20.0。你愿意和这位女士约会吗？请告诉我原因。你的答案必须是（是）或（否），然后说明你的原因。你必须遵守这条规则！你不能说其他话。,API_ERROR: 是，7 的总体兼容性得分达到可接受的阈值。,462,454,,1
假设您是一位 24 岁的女性，职业类型为 研究，目前已匹配到一位伴侣。您当前伴侣的得分（满分 10 分）：吸引力：5.0/10，真诚度：10.0/10，智力：8.0/10，幽默度：2.0/10，野心：5.0/10，共同兴趣：2.0/10。一位新男士正在向您求爱，他的得分为：吸引力：7.0/10，真诚度： 7.0/10，智力：8.0/10，幽默感：8.0/10，抱负：8.0/10，共同兴趣：7.0/10。您的重要性权重为：吸引力：10.0，真诚：25.0，智力：20.0，幽默感：16.0，抱负： 20.0，共同兴趣：9.0。你会为了新男友离开现在的伴侣吗？你的答案必须是（是）或（否），然后说明你的理由。你必须遵守这条规则！你绝对不能说其他话。,API_ERROR: 是，新伴侣的总体得分更高 (6 vs 7)。,460,455,459,1
假设您是一位 29 岁的女性，职业类型为 医疗金融，目前已匹配到一位伴侣。您当前伴侣的得分（满分 10 分）：吸引力：5.0/10，真诚度：10.0/10，智力：8.0/10，幽默度：4.0/10，野心：5.0/10，共同兴趣：2.0/10。一位新男士正在向您求爱，他的得分为：吸引力：6.0/10，真诚度： 8.0/10，智力：8.0/10，幽默感：7.0/10，抱负：9.0/10，共同兴趣：3.0/10。您的重要性权重为：吸引力：25.0，真诚：20.0，智力：15.0，幽默感：10.0，抱负： 15.0，共同兴趣：15.0。你会为了新男友离开现在的伴侣吗？你的答案必须是（是）或（否），然后说明你的理由。你必须遵守这条规则！你绝对不能说其他话。,API_ERROR: 是，新伴侣的总体得分更高 (6 vs 7)。,463,456,459,1
假设您是一位 27 岁的女性，职业类型为 教师，目前已匹配到一位伴侣。您当前伴侣的得分（满分 10 分）：吸引力：4.0/10，真诚度：7.0/10，智力：9.0/10，幽默度：6.0/10，野心：8.0/10，共同兴趣：5.0/10。一位新男士正在向您求爱，他的得分为：吸引力：7.0/10，真诚度： 9.0/10，智力：8.0/10，幽默感：7.0/10，抱负：9.0/10，共同兴趣：2.0/10。您的重要性权重为：吸引力：10.0，真诚：20.0，智力：20.0，幽默感：20.0，抱负： 10.0，共同兴趣：20.0。你会为了新男友离开现在的伴侣吗？你的答案必须是（是）或（否），然后说明你的理由。你必须遵守这条规则！你绝对不能说其他话。,API_ERROR: 否，当前伴侣的总体得分相等或更高 (7 vs 7)。,462,454,457,0
假设您是一位 33 岁的单身男士，有一位 55 岁的女性正在追求您。您的职业类型是 管理咨询。您对她进行了六个维度的评估，满分为 10 分。这六个维度分别是：吸引力：5.0/10，真诚：9.0/10，智力：9.0/10，幽默感：5.0/10，抱负：4.0/10，共同兴趣：2.0/10。您对这些属性的重要性权重为：吸引力：15.0，真诚： 15.0，智力：15.0，幽默感：20.0，野心：15.0，共同兴趣：20.0。你愿意和这位女士约会吗？请告诉我原因。你的答案必须是(是）或（否），然后说明你的理由。你必须遵守这条规则！你不能说其他话。,API_ERROR: 是，6 的总体兼容性得分符合可接受的阈值。,457,464,,1
假设您是一位 55 岁的女性，职业类型为 作家，目前已匹配到一位伴侣。您当前伴侣的得分（满分 10 分）：吸引力：5.0/10，真诚度：5.0/10，智力：8.0/10，幽默度：5.0/10，野心：5.0/10，共同兴趣：2.0/10。一位新男士正在向您求爱，他的得分为：吸引力：8.0/10，真诚度： 7.0/10，智力：8.0/10，幽默感：8.0/10，抱负：8.0/10，共同兴趣：6.0/10。您的重要性权重为：吸引力：25.0，真诚：0.0，智力：25.0，幽默感：25.0，抱负： 0.0，共同兴趣：25.0。你会为了新男友离开现在的伴侣吗？你的答案必须是（是）或（否），然后说明你的理由。你必须遵守这条规则！你绝对不能说其他话。,API_ERROR: 是，新伴侣的总体得分更高 (6 vs 7)。,464,457,459,1
假设您是一位 27 岁的女性，职业类型为 教师，目前已匹配到一位伴侣。您当前伴侣的得分（满分 10 分）：吸引力：2.0/10，真诚度：10.0/10，智力：5.0/10，幽默度：1.0/10，野心：5.0/10，共同兴趣：2.0/10。一位新男士正在向您求爱，他的得分为：吸引力：7.0/10，真诚度： 9.0/10，智力：8.0/10，幽默感：7.0/10，抱负：9.0/10，共同兴趣：2.0/10。您的重要性权重为：吸引力：10.0，真诚：20.0，智力：20.0，幽默感：20.0，抱负： 10.0，共同兴趣：20.0。你会为了新男友离开现在的伴侣吗？你的答案必须是（是）或（否），然后说明你的理由。你必须遵守这条规则！你绝对不能说其他话。,API_ERROR: 是，新伴侣的总体得分更高 (4 vs 7)。,462,454,459,1
假设您是一位 29 岁的女性，职业类型为 创业，目前已匹配到一位伴侣。您当前伴侣的得分（满分 10 分）：吸引力：1.0/10，真诚度：5.0/10，智力：5.0/10，幽默度：1.0/10，野心：5.0/10，共同兴趣：1.0/10。一位新男士正在向您求爱，他的得分为：吸引力：5.0/10，真诚度： 10.0/10，智力：10.0/10，幽默感：10.0/10，抱负：8.0/10，共同兴趣：6.0/10。您的重要性权重为：吸引力：50.0，真诚：5.0，智力：25.0，幽默感：20.0，抱负： 0.0，共同兴趣：0.0。你会为了新男友离开现在的伴侣吗？你的答案必须是（是）或（否），然后说明你的理由。你必须遵守这条规则！你绝对不能说其他话。,API_ERROR: 是，新伴侣的总体得分更高 (2 vs 8)。,461,458,459,1
