假设你是一位 29 岁的单身男士，有一位 28 岁的女性正在追求你。你的职业类型是 medicine。你从六个维度对她进行了评估，满分为 10 分。这六个维度分别是：吸引力：7.0/10，真诚：7.0/10，智力：5.0/10，幽默感：7.0/10，抱负：5.0/10，共同兴趣：7.0/10。这些属性的重要性权重如下：吸引力：10.0，真诚：20.0，智力：25.0，幽默感：25.0，抱负：10.0，共同兴趣：10.0。你愿意和这位女士约会吗？请告诉我原因。你的答案必须是（是）或（否），然后说明你的原因。你必须遵守这条规则！你不能说其他话。,是。原因是虽然智力和抱负的评分较低，但她在吸引力、真诚、幽默感和共同兴趣这些在你的评估体系中相对重要性高的维度上得分良好，这表明她可能能与你建立一段愉快并富有共鸣的关系。,489,470,,1
假设你是一位 30 岁的单身男士，有一位 29 岁的女性正在追求你。你的职业类型是 scientist。你从六个维度对她进行了评估，满分为 10 分。这六个维度分别是：吸引力：5.0/10，真诚：8.0/10，智力：9.0/10，幽默感：6.0/10，抱负：8.0/10，共同兴趣：5.0/10。这些属性的重要性权重如下：吸引力：15.0，真诚：20.0，智力：10.0，幽默感：30.0，抱负：5.0，共同兴趣：20.0。你愿意和这位女士约会吗？请告诉我原因。你的答案必须是（是）或（否），然后说明你的原因。你必须遵守这条规则！你不能说其他话。,否，因为尽管她在真诚、智力和抱负方面的评分较高，但在对你非常重要的幽默感（权重最高）和吸引力方面的评分较低，这可能会影响你们在一起时的幸福感和吸引力。,488,474,,0
假设你是一位 24 岁的单身男士，有一位 23 岁的女性正在追求你。你的职业类型是 Consulting; later Arts or Non-Profit。你从六个维度对她进行了评估，满分为 10 分。这六个维度分别是：吸引力：8.0/10，真诚：10.0/10，智力：10.0/10，幽默感：9.0/10，抱负：8.0/10，共同兴趣：7.0/10。这些属性的重要性权重如下：吸引力：20.0，真诚：20.0，智力：20.0，幽默感：20.0，抱负：20.0，共同兴趣：0.0。你愿意和这位女士约会吗？请告诉我原因。你的答案必须是（是）或（否），然后说明你的原因。你必须遵守这条规则！你不能说其他话。,是，因为在所有评价维度中，她的分数都非常高且符合你的主要期望，尤其是那些对你来说非常重要的维度（如真诚、智力、幽默感等），即使共同兴趣评分不是最高，你也给予它0的权重，表明这一点对你并不重要。,481,467,,1
假设您是一位 24 岁的女性，职业类型为 Consulting; later Arts or Non-Profit，目前已匹配到一位伴侣。您当前伴侣的得分（满分 10 分）：吸引力：6.0/10，真诚度：6.0/10，智力：6.0/10，幽默度：5.0/10，野心：6.0/10，共同兴趣：7.0/10。一位新男士正在向您求爱，他的得分为：吸引力：8.0/10，真诚度： 10.0/10，智力：10.0/10，幽默感：9.0/10，抱负：8.0/10，共同兴趣：7.0/10。您的重要性权重为：吸引力：20.0，真诚：20.0，智力：20.0，幽默感：20.0，抱负： 20.0，共同兴趣：0.0。你会为了新男友离开现在的伴侣吗？你的答案必须是（是）或（否），然后说明你的理由。你必须遵守这条规则！你绝对不能说其他话。,是，因为新男士在所有重要方面的得分均高于现有伴侣，符合你的个人偏好和重要性权重。,481,467,477,1
假设你是一位 24 岁的单身男士，有一位 30 岁的女性正在追求你。你的职业类型是 unknown。你从六个维度对她进行了评估，满分为 10 分。这六个维度分别是：吸引力：2.0/10，真诚：3.0/10，智力：4.0/10，幽默感：2.0/10，抱负：nan/10，共同兴趣：3.0/10。这些属性的重要性权重如下：吸引力：10.0，真诚：20.0，智力：20.0，幽默感：15.0，抱负：20.0，共同兴趣：15.0。你愿意和这位女士约会吗？请告诉我原因。你的答案必须是（是）或（否），然后说明你的原因。你必须遵守这条规则！你不能说其他话。,否。基于给出的评分和重要性权重，她在多个重要的维度（如吸引力、真诚和幽默感）上得分较低，这表明你们在关键的相容性方面可能不匹配。,482,466,,0
假设您是一位 30 岁的单身男士，有一位 24 岁的女性正在追求您。您的职业类型是 film and radio。您对她进行了六个维度的评估，满分为 10 分。这六个维度分别是：吸引力：9.0/10，真诚：8.0/10，智力：7.0/10，幽默感：9.0/10，抱负：7.0/10，共同兴趣：7.0/10。您对这些属性的重要性权重为：吸引力：25.0，真诚： 25.0，智力：25.0，幽默感：25.0，野心：0.0，共同兴趣：0.0。你愿意和这位女士约会吗？请告诉我原因。你的答案必须是(是）或（否），然后说明你的理由。你必须遵守这条规则！你不能说其他话。,是，因为根据您提供的评分和权重，她在您最看重的属性（吸引力、真诚、智力、幽默感）上得分较高，这些属性对您来说极为重要。,466,494,,1
假设你是一位 25 岁的单身男士，有一位 28 岁的女性正在追求你。你的职业类型是 Professor; Human Rights Director。你从六个维度对她进行了评估，满分为 10 分。这六个维度分别是：吸引力：6.0/10，真诚：6.0/10，智力：6.0/10，幽默感：7.0/10，抱负：7.0/10，共同兴趣：5.0/10。这些属性的重要性权重如下：吸引力：15.0，真诚：25.0，智力：15.0，幽默感：15.0，抱负：15.0，共同兴趣：15.0。你愿意和这位女士约会吗？请告诉我原因。你的答案必须是（是）或（否），然后说明你的原因。你必须遵守这条规则！你不能说其他话。,是，因为虽然个别维度的评分并不是非常高，但她在各个方面的表现都达到或超过了平均水平，表示她是一个较为均衡的人选。此外，各项属性的重要性均衡分配，没有特别侧重于任何一个方面，这表明没有极端的不匹配点。因此，基于这些综合评估，可以试着进行约会，了解更多可能未在初步评估中显现的个人特质或共同点。,483,468,,1
假设您是一位 30 岁的单身男士，有一位 27 岁的女性正在追求您。您的职业类型是 Management Consulting。您对她进行了六个维度的评估，满分为 10 分。这六个维度分别是：吸引力：5.0/10，真诚：6.0/10，智力：8.0/10，幽默感：5.0/10，抱负：6.0/10，共同兴趣：6.0/10。您对这些属性的重要性权重为：吸引力：20.0，真诚： 10.0，智力：22.0，幽默感：20.0，野心：15.0，共同兴趣：13.0。你愿意和这位女士约会吗？请告诉我原因。你的答案必须是(是）或（否），然后说明你的理由。你必须遵守这条规则！你不能说其他话。,否。基于您对这位女士的评估，她在对您较为重要的维度（吸引力和幽默感）上得分较低，这可能意味着在这些对您更为重要的领域内，她可能无法满足您的期望。尽管在智力上的评分较高，但其他对您更关键的属性，如吸引力和幽默感的低分，可能对您的整体感受和对这段关系的满意度产生较大的影响。,477,482,,0
假设您是一位 29 岁的女性，职业类型为 medicine，目前已匹配到一位伴侣。您当前伴侣的得分（满分 10 分）：吸引力：7.0/10，真诚度：7.0/10，智力：7.0/10，幽默度：7.0/10，野心：7.0/10，共同兴趣：6.0/10。一位新男士正在向您求爱，他的得分为：吸引力：7.0/10，真诚度： 7.0/10，智力：5.0/10，幽默感：7.0/10，抱负：5.0/10，共同兴趣：7.0/10。您的重要性权重为：吸引力：10.0，真诚：20.0，智力：25.0，幽默感：25.0，抱负： 10.0，共同兴趣：10.0。你会为了新男友离开现在的伴侣吗？你的答案必须是（是）或（否），然后说明你的理由。你必须遵守这条规则！你绝对不能说其他话。,否。根据您的重要性权重，智力和幽默感占比最大，且新男士在这些属性上较现伴侣评分低（智力5.0对比7.0），因此不建议为他离开现伴侣。,489,470,471,0
假设您是一位 29 岁的单身男士，有一位 30 岁的女性正在追求您。您的职业类型是 Investment Banker。您对她进行了六个维度的评估，满分为 10 分。这六个维度分别是：吸引力：7.0/10，真诚：7.0/10，智力：7.0/10，幽默感：7.0/10，抱负：7.0/10，共同兴趣：6.0/10。您对这些属性的重要性权重为：吸引力：30.0，真诚： 10.0，智力：25.0，幽默感：20.0，野心：8.0，共同兴趣：7.0。你愿意和这位女士约会吗？请告诉我原因。你的答案必须是(是）或（否），然后说明你的理由。你必须遵守这条规则！你不能说其他话。,是，因为您对她的综合评分在各个维度上都是相对较高的（7.0/10），且满足了您认为重要的各项标准，尽管共同兴趣稍低，但其他满意度较高的领域可能有助于平衡这一点。,471,491,,1
假设您是一位 30 岁的单身男士，有一位 27 岁的女性正在追求您。您的职业类型是 Management Consulting。您对她进行了六个维度的评估，满分为 10 分。这六个维度分别是：吸引力：5.0/10，真诚：7.0/10，智力：7.0/10，幽默感：7.0/10，抱负：5.0/10，共同兴趣：8.0/10。您对这些属性的重要性权重为：吸引力：20.0，真诚： 10.0，智力：22.0，幽默感：20.0，野心：15.0，共同兴趣：13.0。你愿意和这位女士约会吗？请告诉我原因。你的答案必须是(是）或（否），然后说明你的理由。你必须遵守这条规则！你不能说其他话。,是。考虑到智力、幽默感和共同兴趣的权重较高，并且这三个维度的评分都较为令人满意，这表明与她相处可能会比较愉快和充实。虽然吸引力和抱负的分数较低，但这些方面的重要性相对较低，所以不太可能严重影响整体的关系满意度。,475,482,,1
假设您是一位 30 岁的单身男士，有一位 25 岁的女性正在追求您。您的职业类型是 acadeic。您对她进行了六个维度的评估，满分为 10 分。这六个维度分别是：吸引力：8.0/10，真诚：10.0/10，智力：10.0/10，幽默感：2.0/10，抱负：8.0/10，共同兴趣：1.0/10。您对这些属性的重要性权重为：吸引力：30.0，真诚： 0.0，智力：30.0，幽默感：30.0，野心：10.0，共同兴趣：0.0。你愿意和这位女士约会吗？请告诉我原因。你的答案必须是(是）或（否），然后说明你的理由。你必须遵守这条规则！你不能说其他话。,否。虽然这位女士在吸引力、真诚和智力上得分较高，但她在幽默感这一对你来说非常重要的维度上得分极低（2/10），而这一维度的重要性权重很高（30.0）。此外，虽然共同兴趣的权重为0，缺乏共同兴趣可能在长期内影响双方的关系。,472,492,,0
假设您是一位 25 岁的女性，职业类型为 Professor; Human Rights Director，目前已匹配到一位伴侣。您当前伴侣的得分（满分 10 分）：吸引力：7.0/10，真诚度：7.0/10，智力：7.0/10，幽默度：8.0/10，野心：7.0/10，共同兴趣：7.0/10。一位新男士正在向您求爱，他的得分为：吸引力：6.0/10，真诚度： 6.0/10，智力：6.0/10，幽默感：7.0/10，抱负：7.0/10，共同兴趣：5.0/10。您的重要性权重为：吸引力：15.0，真诚：25.0，智力：15.0，幽默感：15.0，抱负： 15.0，共同兴趣：15.0。你会为了新男友离开现在的伴侣吗？你的答案必须是（是）或（否），然后说明你的理由。你必须遵守这条规则！你绝对不能说其他话。,否，因为根据您的重要性权重和两位伴侣的得分，当前伴侣在大多数属性上的评分都高于新男士，更符合您的期望和需求。,483,468,477,0
假设你是一位 30 岁的单身男士，有一位 24 岁的女性正在追求你。你的职业类型是 scientist。你从六个维度对她进行了评估，满分为 10 分。这六个维度分别是：吸引力：4.0/10，真诚：10.0/10，智力：9.0/10，幽默感：5.0/10，抱负：7.0/10，共同兴趣：5.0/10。这些属性的重要性权重如下：吸引力：15.0，真诚：20.0，智力：10.0，幽默感：30.0，抱负：5.0，共同兴趣：20.0。你愿意和这位女士约会吗？请告诉我原因。你的答案必须是（是）或（否），然后说明你的原因。你必须遵守这条规则！你不能说其他话。,否。原因是虽然她的真诚和智力评分很高，但根据你的权重偏好，幽默感和共同兴趣的分数较低，这对你来说更为重要。同时，吸引力评分相对较低，可能影响到你们的情感和身体吸引力。总体来看，基于这些评分和权重，她可能不符合你的理想伴侣条件。,487,474,,1
假设您是一位 23 岁的男性，职业类型为 English teacher，目前已匹配到一位伴侣。您当前伴侣的得分（满分 10 分）：吸引力：9.0/10，真诚度：10.0/10，智力：10.0/10，幽默感：10.0/10，野心：10.0/10，共同兴趣：9.0/10。一位新女性正在向您求爱，其得分为：吸引力：8.0/10，真诚度：8.0/10，智力：7.0/10，幽默度：8.0/10，抱负：6.0/10，共同兴趣：7.0/10。您的重要性权重为：吸引力：25.0，真诚度：20.0，智力：15.0，幽默度：20.0，抱负： 5.0，共同兴趣：15.0。你会为了新女友离开现在的伴侣吗？你的答案必须是或否，然后说明你的理由。你必须遵守这条规则！你不能说其他话。,否，因为根据您当前伴侣在各个方面的评分较高，并且更符合您的重要性权重。,467,481,485,0
假设您是一位 30 岁的男性，职业类型为 film and radio，目前已匹配到一位伴侣。您当前伴侣的得分（满分 10 分）：吸引力：7.0/10，真诚度：8.0/10，智力：7.0/10，幽默感：9.0/10，野心：6.0/10，共同兴趣：7.0/10。一位新女性正在向您求爱，其得分为：吸引力：9.0/10，真诚度：8.0/10，智力：7.0/10，幽默度：9.0/10，抱负：7.0/10，共同兴趣：7.0/10。您的重要性权重为：吸引力：25.0，真诚度：25.0，智力：25.0，幽默度：25.0，抱负： 0.0，共同兴趣：0.0。你会为了新女友离开现在的伴侣吗？你的答案必须是或否，然后说明你的理由。你必须遵守这条规则！你不能说其他话。,否。  原因：根据您的权重重要性分配，对于您来说最重要的品质分别是吸引力、真诚度、智力和幽默度，每个都占到了25.0%。虽然新女性在吸引力上得分更高，但其他三个同样重要的品质得分与当前伴侣相同。在抱负和共同兴趣两项您设为不重要的标准上虽有细微提高，但这些并不影响您的主要决策因素。因此，无显著理由离开当前伴侣。,466,494,486,1
假设您是一位 28 岁的男性，职业类型为 professor，目前已匹配到一位伴侣。您当前伴侣的得分（满分 10 分）：吸引力：10.0/10，真诚度：10.0/10，智力：10.0/10，幽默感：10.0/10，野心：10.0/10，共同兴趣：9.0/10。一位新女性正在向您求爱，其得分为：吸引力：10.0/10，真诚度：9.0/10，智力：10.0/10，幽默度：10.0/10，抱负：10.0/10，共同兴趣：10.0/10。您的重要性权重为：吸引力：40.0，真诚度：20.0，智力：20.0，幽默度：20.0，抱负： 0.0，共同兴趣：0.0。你会为了新女友离开现在的伴侣吗？你的答案必须是或否，然后说明你的理由。你必须遵守这条规则！你不能说其他话。,否，因为根据您的重要性权重，真诚度占有很大比例，而当前伴侣在真诚度上得分比新女性高。尽管新女性在共同兴趣方面得分更高，但由于您的权重设置，共同兴趣不影响最终决定。此外，当前伴侣在所有关键领域（吸引力、真诚度、智力、幽默感）的得分都非常高，这支持了与现有伴侣继续维持关系的选择。,468,483,485,0
假设您是一位 32 岁的单身男士，有一位 27 岁的女性正在追求您。您的职业类型是 Medical Sciences。您对她进行了六个维度的评估，满分为 10 分。这六个维度分别是：吸引力：4.0/10，真诚：6.0/10，智力：7.0/10，幽默感：7.0/10，抱负：6.0/10，共同兴趣：9.0/10。您对这些属性的重要性权重为：吸引力：20.0，真诚： 20.0，智力：20.0，幽默感：15.0，野心：10.0，共同兴趣：15.0。你愿意和这位女士约会吗？请告诉我原因。你的答案必须是(是）或（否），然后说明你的理由。你必须遵守这条规则！你不能说其他话。,是，根据您给出的分数和权重，尽管在吸引力方面评分较低，但您在真诚、智力、幽默感、抱负以及尤其是共同兴趣上的评分较高，这表明与她的互动在多数重要方面都是积极的。共同兴趣在关系中尤为关键，能为双方提供共享活动和话题，有利于建立深厚的关系。因此，试着和她约会可能是一个不错的选择。,477,486,,1
假设您是一位 30 岁的男性，职业类型为 film and radio，目前已匹配到一位伴侣。您当前伴侣的得分（满分 10 分）：吸引力：7.0/10，真诚度：7.0/10，智力：6.0/10，幽默感：7.0/10，野心：5.0/10，共同兴趣：7.0/10。一位新女性正在向您求爱，其得分为：吸引力：9.0/10，真诚度：8.0/10，智力：7.0/10，幽默度：9.0/10，抱负：7.0/10，共同兴趣：7.0/10。您的重要性权重为：吸引力：25.0，真诚度：25.0，智力：25.0，幽默度：25.0，抱负： 0.0，共同兴趣：0.0。你会为了新女友离开现在的伴侣吗？你的答案必须是或否，然后说明你的理由。你必须遵守这条规则！你不能说其他话。,否。  原因是评分系统虽然提供了一个量化比较，但在实际的人际关系中，情感的稳定性、信任和共同的经历等元素同样重要。系统无法完全捕捉到与当前伴侣之间的深层次情感联系和过去共同经历的价值，而这些是决定关系是否值得维持的关键因素。此外，基于一个相对表面的评分系统做出重要的人际关系决策可能过于冒险。,466,494,495,1
假设您是一位 28 岁的男性，职业类型为 Business，目前已匹配到一位伴侣。您当前伴侣的得分（满分 10 分）：吸引力：10.0/10，真诚度：10.0/10，智力：10.0/10，幽默感：10.0/10，野心：10.0/10，共同兴趣：10.0/10。一位新女性正在向您求爱，其得分为：吸引力：7.0/10，真诚度：7.0/10，智力：9.0/10，幽默度：9.0/10，抱负：8.0/10，共同兴趣：7.0/10。您的重要性权重为：吸引力：20.0，真诚度：10.0，智力：20.0，幽默度：20.0，抱负： 20.0，共同兴趣：0.0。你会为了新女友离开现在的伴侣吗？你的答案必须是或否，然后说明你的理由。你必须遵守这条规则！你不能说其他话。,否，因为根据您给出的评分和权重，您现有的伴侣在所有重要方面都满分，而新女性在多个关键方面的评分低于您现有伴侣，这意味着按照您的评价标准，当前伴侣为您提供了更大的满意度和兼容性。,470,489,485,0
假设你是一位 25 岁的单身男士，有一位 30 岁的女性正在追求你。你的职业类型是 Work at the UN。你从六个维度对她进行了评估，满分为 10 分。这六个维度分别是：吸引力：9.0/10，真诚：8.0/10，智力：8.0/10，幽默感：9.0/10，抱负：7.0/10，共同兴趣：8.0/10。这些属性的重要性权重如下：吸引力：20.0，真诚：10.0，智力：20.0，幽默感：20.0，抱负：10.0，共同兴趣：20.0。你愿意和这位女士约会吗？请告诉我原因。你的答案必须是（是）或（否），然后说明你的原因。你必须遵守这条规则！你不能说其他话。,是，原因是根据你的评估，她在各项关键维度中得分较高，并且这些维度的权重对你来说也很重要，说明她在多方面都符合你的期望和需求。,492,469,,1
假设您是一位 27 岁的女性，职业类型为 International Development，目前已匹配到一位伴侣。您当前伴侣的得分（满分 10 分）：吸引力：5.0/10，真诚度：7.0/10，智力：7.0/10，幽默度：9.0/10，野心：9.0/10，共同兴趣：10.0/10。一位新男士正在向您求爱，他的得分为：吸引力：4.0/10，真诚度： 7.0/10，智力：7.0/10，幽默感：6.0/10，抱负：nan/10，共同兴趣：8.0/10。您的重要性权重为：吸引力：10.0，真诚：15.0，智力：30.0，幽默感：10.0，抱负： 15.0，共同兴趣：20.0。你会为了新男友离开现在的伴侣吗？你的答案必须是（是）或（否），然后说明你的理由。你必须遵守这条规则！你绝对不能说其他话。,否，因为根据给出的重要性权重和两位男士的得分，当前伴侣在整体得分上优于新男士，特别是在幽默感和野心方面，这可能对长期关系的稳定性和满足感更为重要。,482,475,472,1
假设您是一位 24 岁的男性，职业类型为 Professor...?，目前已匹配到一位伴侣。您当前伴侣的得分（满分 10 分）：吸引力：10.0/10，真诚度：10.0/10，智力：10.0/10，幽默感：10.0/10，野心：10.0/10，共同兴趣：9.0/10。一位新女性正在向您求爱，其得分为：吸引力：7.0/10，真诚度：6.0/10，智力：7.0/10，幽默度：7.0/10，抱负：7.0/10，共同兴趣：5.0/10。您的重要性权重为：吸引力：25.0，真诚度：26.0，智力：15.0，幽默度：10.0，抱负： 9.0，共同兴趣：15.0。你会为了新女友离开现在的伴侣吗？你的答案必须是或否，然后说明你的理由。你必须遵守这条规则！你不能说其他话。,否，因为根据您给出的权重和评分，现有伴侣在各项关键品质上的评分显著高于新女性。当前伴侣几乎在所有方面都接近满分，这表明她在对您而言重要的特质上表现得非常出色，因此从理性和情感的角度看，保持当前的伴侣关系似乎是更合理的选择。,474,487,485,1
假设您是一位 28 岁的男性，职业类型为 professor，目前已匹配到一位伴侣。您当前伴侣的得分（满分 10 分）：吸引力：9.0/10，真诚度：10.0/10，智力：10.0/10，幽默感：9.0/10，野心：9.0/10，共同兴趣：8.0/10。一位新女性正在向您求爱，其得分为：吸引力：10.0/10，真诚度：9.0/10，智力：10.0/10，幽默度：10.0/10，抱负：10.0/10，共同兴趣：10.0/10。您的重要性权重为：吸引力：40.0，真诚度：20.0，智力：20.0，幽默度：20.0，抱负： 0.0，共同兴趣：0.0。你会为了新女友离开现在的伴侣吗？你的答案必须是或否，然后说明你的理由。你必须遵守这条规则！你不能说其他话。,否。根据重要性权重，吸引力、真诚度、智力和幽默度是重点考量因素，而目前的伴侣在这些方面已经非常高分，尤其是真诚度得满分。虽然新女性在某些方面得分更高，但换伴侣涉及的不仅仅是分数，并且现有关系中的真诚度和稳定性非常重要。,468,483,493,1
假设您是一位 23 岁的男性，职业类型为 English teacher，目前已匹配到一位伴侣。您当前伴侣的得分（满分 10 分）：吸引力：8.0/10，真诚度：7.0/10，智力：6.0/10，幽默感：7.0/10，野心：6.0/10，共同兴趣：5.0/10。一位新女性正在向您求爱，其得分为：吸引力：8.0/10，真诚度：8.0/10，智力：7.0/10，幽默度：8.0/10，抱负：6.0/10，共同兴趣：7.0/10。您的重要性权重为：吸引力：25.0，真诚度：20.0，智力：15.0，幽默度：20.0，抱负： 5.0，共同兴趣：15.0。你会为了新女友离开现在的伴侣吗？你的答案必须是或否，然后说明你的理由。你必须遵守这条规则！你不能说其他话。,否。  原因：基于您给出的权重和各项得分，尽管新女性在真诚度、智力、幽默度和共同兴趣方面得分更高，但您与当前伴侣已建立的关系基础和情感连结不应仅基于对比得分决定是否结束。更深层次的感情价值和共同经历的重要性在决策中应有更大考量。,467,481,495,1
假设您是一位 30 岁的男性，职业类型为 acadeic，目前已匹配到一位伴侣。您当前伴侣的得分（满分 10 分）：吸引力：9.0/10，真诚度：10.0/10，智力：9.0/10，幽默感：9.0/10，野心：8.0/10，共同兴趣：10.0/10。一位新女性正在向您求爱，其得分为：吸引力：10.0/10，真诚度：10.0/10，智力：10.0/10，幽默度：10.0/10，抱负：10.0/10，共同兴趣：10.0/10。您的重要性权重为：吸引力：30.0，真诚度：0.0，智力：30.0，幽默度：30.0，抱负： 10.0，共同兴趣：0.0。你会为了新女友离开现在的伴侣吗？你的答案必须是或否，然后说明你的理由。你必须遵守这条规则！你不能说其他话。,否。  原因：尽管新女性在各方面得分都非常高，但当前伴侣在各重要方面的表现（吸引力、智力、幽默度）已经非常优秀，并且在真诚度、共同兴趣方面达到完美。这表明你们之间的关系已经非常稳固和深入。在情感关系中，稳定性和已建立的深厚情感也是不可忽视的重要因素，尤其是当你们的关系已经非常成功和满意时。更换伴侣可能带来未知的风险和不确定性。,469,492,493,1
假设您是一位 30 岁的男性，职业类型为 Management Consulting，目前已匹配到一位伴侣。您当前伴侣的得分（满分 10 分）：吸引力：9.0/10，真诚度：10.0/10，智力：10.0/10，幽默感：10.0/10，野心：10.0/10，共同兴趣：10.0/10。一位新女性正在向您求爱，其得分为：吸引力：5.0/10，真诚度：7.0/10，智力：7.0/10，幽默度：7.0/10，抱负：5.0/10，共同兴趣：8.0/10。您的重要性权重为：吸引力：20.0，真诚度：10.0，智力：22.0，幽默度：20.0，抱负： 15.0，共同兴趣：13.0。你会为了新女友离开现在的伴侣吗？你的答案必须是或否，然后说明你的理由。你必须遵守这条规则！你不能说其他话。,否。根据您给出的评分和重要性权重，您当前伴侣在所有关键领域的评分都高于新女性。这表明在对您更为重要的吸引力、真诚度、智力、幽默感、抱负及共同兴趣方面，您目前的伴侣更能满足您的需求和期望。,475,482,485,0
假设您是一位 24 岁的男性，职业类型为 Professor...?，目前已匹配到一位伴侣。您当前伴侣的得分（满分 10 分）：吸引力：9.0/10，真诚度：9.0/10，智力：9.0/10，幽默感：9.0/10，野心：nan/10，共同兴趣：8.0/10。一位新女性正在向您求爱，其得分为：吸引力：7.0/10，真诚度：6.0/10，智力：7.0/10，幽默度：7.0/10，抱负：7.0/10，共同兴趣：5.0/10。您的重要性权重为：吸引力：25.0，真诚度：26.0，智力：15.0，幽默度：10.0，抱负： 9.0，共同兴趣：15.0。你会为了新女友离开现在的伴侣吗？你的答案必须是或否，然后说明你的理由。你必须遵守这条规则！你不能说其他话。,否  根据提供的信息，目前的伴侣在多个关键领域（吸引力、真诚度、智力、幽默感）的评分高于新女性，并且在共同兴趣上也有较高的评分。即使在抱负方面没有给出当前伴侣的分数，但她在其他方面的高分足以使得总体吸引力优于新女性。此外，您给这些特质的权重也表明，现有伴侣在您更重视的领域（吸引力、真诚度和智力）表现更好。因此，留在当前的关系中似乎是更合理的选择。,474,487,484,1
假设您是一位 27 岁的女性，职业类型为 Engineer，目前已匹配到一位伴侣。您当前伴侣的得分（满分 10 分）：吸引力：3.0/10，真诚度：8.0/10，智力：9.0/10，幽默度：6.0/10，野心：9.0/10，共同兴趣：1.0/10。一位新男士正在向您求爱，他的得分为：吸引力：6.0/10，真诚度： 6.0/10，智力：8.0/10，幽默感：5.0/10，抱负：7.0/10，共同兴趣：7.0/10。您的重要性权重为：吸引力：16.0，真诚：19.0，智力：16.0，幽默感：17.0，抱负： 15.0，共同兴趣：17.0。你会为了新男友离开现在的伴侣吗？你的答案必须是（是）或（否），然后说明你的理由。你必须遵守这条规则！你绝对不能说其他话。,否  原因是根据您提供的重要性权重和每个伴侣的评分，计算出当前伴侣的加权得分为：（3x16）+（8x19）+（9x16）+（6x17）+（9x15）+（1x17）= 743。而新男士的加权得分是：（6x16）+（6x19）+（8x16）+（5x17）+（7x15）+（7x17）= 723。因此，当前伴侣的加权得分高于新男士，建议根据这些评分保持现状。,486,477,479,1
假设您是一位 30 岁的女性，职业类型为 physician，目前已匹配到一位伴侣。您当前伴侣的得分（满分 10 分）：吸引力：5.0/10，真诚度：3.0/10，智力：9.0/10，幽默度：10.0/10，野心：9.0/10，共同兴趣：7.0/10。一位新男士正在向您求爱，他的得分为：吸引力：8.0/10，真诚度： 7.0/10，智力：7.0/10，幽默感：8.0/10，抱负：8.0/10，共同兴趣：8.0/10。您的重要性权重为：吸引力：15.0，真诚：15.0，智力：25.0，幽默感：10.0，抱负： 15.0，共同兴趣：20.0。你会为了新男友离开现在的伴侣吗？你的答案必须是（是）或（否），然后说明你的理由。你必须遵守这条规则！你绝对不能说其他话。,否，根据您的重要性权重和每位男士的得分，当前伴侣在智力和幽默感两个您认为较为重要的属性上表现更出色，尽管新男士在其他方面得分较高。在智力（权重最高）上，现伴侣有优势，这可能对于长期关系更为重要。,491,471,472,0
假设您是一位 24 岁的女性，职业类型为 unknown，目前已匹配到一位伴侣。您当前伴侣的得分（满分 10 分）：吸引力：10.0/10，真诚度：9.0/10，智力：10.0/10，幽默度：10.0/10，野心：10.0/10，共同兴趣：9.0/10。一位新男士正在向您求爱，他的得分为：吸引力：4.0/10，真诚度： 8.0/10，智力：7.0/10，幽默感：7.0/10，抱负：6.0/10，共同兴趣：7.0/10。您的重要性权重为：吸引力：10.0，真诚：20.0，智力：20.0，幽默感：15.0，抱负： 20.0，共同兴趣：15.0。你会为了新男友离开现在的伴侣吗？你的答案必须是（是）或（否），然后说明你的理由。你必须遵守这条规则！你绝对不能说其他话。,否。根据您提供的评分和权重，当前伴侣在所有重要方面的得分均高于新男士，表明他更符合您的需求和偏好。,494,466,473,0
假设您是一位 29 岁的女性，职业类型为 medicine，目前已匹配到一位伴侣。您当前伴侣的得分（满分 10 分）：吸引力：9.0/10，真诚度：9.0/10，智力：9.0/10，幽默度：8.0/10，野心：9.0/10，共同兴趣：7.0/10。一位新男士正在向您求爱，他的得分为：吸引力：7.0/10，真诚度： 7.0/10，智力：5.0/10，幽默感：7.0/10，抱负：5.0/10，共同兴趣：7.0/10。您的重要性权重为：吸引力：10.0，真诚：20.0，智力：25.0，幽默感：25.0，抱负： 10.0，共同兴趣：10.0。你会为了新男友离开现在的伴侣吗？你的答案必须是（是）或（否），然后说明你的理由。你必须遵守这条规则！你绝对不能说其他话。,否。根据您给出的评分和重要性权重，当前伴侣在各个重要属性上的得分明显高于新男士，尤其是在智力和野心方面，这些是您更为重视的属性。因此，留在当前伴侣身边是更理智的选择。,489,470,473,1
假设你是一位 26 岁的单身男士，有一位 31 岁的女性正在追求你。你的职业类型是 Finance/Economics。你从六个维度对她进行了评估，满分为 10 分。这六个维度分别是：吸引力：7.0/10，真诚：9.0/10，智力：9.0/10，幽默感：5.0/10，抱负：7.0/10，共同兴趣：5.0/10。这些属性的重要性权重如下：吸引力：20.0，真诚：20.0，智力：10.0，幽默感：20.0，抱负：10.0，共同兴趣：20.0。你愿意和这位女士约会吗？请告诉我原因。你的答案必须是（是）或（否），然后说明你的原因。你必须遵守这条规则！你不能说其他话。,否。根据你的评估，虽然在真诚和智力上得分较高，但幽默感和共同兴趣的得分较低，并且这两个维度在你的权重分配中占很大比例。这可能表明你们在日常互动和共享兴趣方面可能不会太和谐，从长期关系的角度看，这可能是一个问题。,484,478,,1
假设您是一位 30 岁的男性，职业类型为 Management Consulting，目前已匹配到一位伴侣。您当前伴侣的得分（满分 10 分）：吸引力：10.0/10，真诚度：10.0/10，智力：10.0/10，幽默感：10.0/10，野心：10.0/10，共同兴趣：10.0/10。一位新女性正在向您求爱，其得分为：吸引力：5.0/10，真诚度：7.0/10，智力：7.0/10，幽默度：7.0/10，抱负：5.0/10，共同兴趣：8.0/10。您的重要性权重为：吸引力：20.0，真诚度：10.0，智力：22.0，幽默度：20.0，抱负： 15.0，共同兴趣：13.0。你会为了新女友离开现在的伴侣吗？你的答案必须是或否，然后说明你的理由。你必须遵守这条规则！你不能说其他话。,否。根据您给出的评分和重要性权重，当前伴侣在所有重要方面都显著优于新女性，理由是您当前伴侣在各项属性中都获得了满分，远超过新女性的得分。根据重要性权重，当前伴侣在您重视的各方面都表现更好。因此，没有理由为较低得分的新女性离开当前理想的伴侣。,475,482,488,1
假设您是一位 28 岁的男性，职业类型为 professor，目前已匹配到一位伴侣。您当前伴侣的得分（满分 10 分）：吸引力：7.0/10，真诚度：5.0/10，智力：7.0/10，幽默感：5.0/10，野心：5.0/10，共同兴趣：4.0/10。一位新女性正在向您求爱，其得分为：吸引力：10.0/10，真诚度：9.0/10，智力：10.0/10，幽默度：10.0/10，抱负：10.0/10，共同兴趣：10.0/10。您的重要性权重为：吸引力：40.0，真诚度：20.0，智力：20.0，幽默度：20.0，抱负： 0.0，共同兴趣：0.0。你会为了新女友离开现在的伴侣吗？你的答案必须是或否，然后说明你的理由。你必须遵守这条规则！你不能说其他话。,否，因为这种决定不应仅基于分数或表面的比较，而应考虑长期关系的深层情感和承诺。,468,483,495,0
假设您是一位 29 岁的单身男士，有一位 27 岁的女性正在追求您。您的职业类型是 Management Consulting。您对她进行了六个维度的评估，满分为 10 分。这六个维度分别是：吸引力：10.0/10，真诚：10.0/10，智力：10.0/10，幽默感：10.0/10，抱负：10.0/10，共同兴趣：10.0/10。您对这些属性的重要性权重为：吸引力：15.0，真诚： 20.0，智力：20.0，幽默感：20.0，野心：5.0，共同兴趣：20.0。你愿意和这位女士约会吗？请告诉我原因。你的答案必须是(是）或（否），然后说明你的理由。你必须遵守这条规则！你不能说其他话。,是。因为在每一个对您来说重要的维度上，她都获得了满分，表明你们在很多关键方面的匹配度很高，这为一段成功的关系打下了良好的基础。,479,488,,1
假设您是一位 30 岁的男性，职业类型为 acadeic，目前已匹配到一位伴侣。您当前伴侣的得分（满分 10 分）：吸引力：7.0/10，真诚度：7.0/10，智力：6.0/10，幽默感：5.0/10，野心：5.0/10，共同兴趣：5.0/10。一位新女性正在向您求爱，其得分为：吸引力：10.0/10，真诚度：10.0/10，智力：10.0/10，幽默度：10.0/10，抱负：10.0/10，共同兴趣：10.0/10。您的重要性权重为：吸引力：30.0，真诚度：0.0，智力：30.0，幽默度：30.0，抱负： 10.0，共同兴趣：0.0。你会为了新女友离开现在的伴侣吗？你的答案必须是或否，然后说明你的理由。你必须遵守这条规则！你不能说其他话。,是。根据您给出的重要性权重，您对吸引力、智力和幽默感的高度重视与新女性的得分完全匹配，表明她可能更符合您的期望和需求。,469,492,495,1
假设您是一位 30 岁的男性，职业类型为 Management Consulting，目前已匹配到一位伴侣。您当前伴侣的得分（满分 10 分）：吸引力：7.0/10，真诚度：9.0/10，智力：10.0/10，幽默感：10.0/10，野心：10.0/10，共同兴趣：9.0/10。一位新女性正在向您求爱，其得分为：吸引力：5.0/10，真诚度：7.0/10，智力：7.0/10，幽默度：7.0/10，抱负：5.0/10，共同兴趣：8.0/10。您的重要性权重为：吸引力：20.0，真诚度：10.0，智力：22.0，幽默度：20.0，抱负： 15.0，共同兴趣：13.0。你会为了新女友离开现在的伴侣吗？你的答案必须是或否，然后说明你的理由。你必须遵守这条规则！你不能说其他话。,否，因为根据您的重要性权重，您现在的伴侣在各项上的得分高于新女性，特别是在您看重的智力、幽默感和抱负方面，这表明当前伴侣更符合您的重要期望和需求。,475,482,493,1
假设您是一位 31 岁的男性，职业类型为 professional career，目前已匹配到一位伴侣。您当前伴侣的得分（满分 10 分）：吸引力：10.0/10，真诚度：10.0/10，智力：9.0/10，幽默感：10.0/10，野心：10.0/10，共同兴趣：10.0/10。一位新女性正在向您求爱，其得分为：吸引力：10.0/10，真诚度：9.0/10，智力：10.0/10，幽默度：7.0/10，抱负：10.0/10，共同兴趣：nan/10。您的重要性权重为：吸引力：16.0，真诚度：16.0，智力：20.0，幽默度：16.0，抱负： 16.0，共同兴趣：16.0。你会为了新女友离开现在的伴侣吗？你的答案必须是或否，然后说明你的理由。你必须遵守这条规则！你不能说其他话。,否，因为您现有的伴侣在所有关键方面评分都很高，并且达到或超过您的重要性权重标准。而新女性在幽默感方面评分较低，且共同兴趣的评分未知，这可能表示在与您的生活兴趣和日常互动中可能存在不兼容的风险。基于这些评分和重要性权重，现有伴侣在整体兼容性和满意度方面更占优势。,478,484,485,0
假设您是一位 28 岁的男性，职业类型为 Business，目前已匹配到一位伴侣。您当前伴侣的得分（满分 10 分）：吸引力：6.0/10，真诚度：7.0/10，智力：7.0/10，幽默感：6.0/10，野心：7.0/10，共同兴趣：6.0/10。一位新女性正在向您求爱，其得分为：吸引力：7.0/10，真诚度：7.0/10，智力：9.0/10，幽默度：9.0/10，抱负：8.0/10，共同兴趣：7.0/10。您的重要性权重为：吸引力：20.0，真诚度：10.0，智力：20.0，幽默度：20.0，抱负： 20.0，共同兴趣：0.0。你会为了新女友离开现在的伴侣吗？你的答案必须是或否，然后说明你的理由。你必须遵守这条规则！你不能说其他话。,否。  基于你当前的价值观和重要性权重，虽然新女性在某些方面的评分较高，但更换伴侣是一个复杂的决定，涉及情感、承诺和稳定性等多重因素，这些因素无法仅通过数字评分来衡量。在重要性权重中，共同兴趣被赋予了0.0的权重，表明它不是你的重要考虑因素，而其他的高分可能无法补偿潜在的情感投资和已建立的关系稳定性。,470,489,495,1
假设您是一位 29 岁的男性，职业类型为 Management Consulting，目前已匹配到一位伴侣。您当前伴侣的得分（满分 10 分）：吸引力：9.0/10，真诚度：10.0/10，智力：10.0/10，幽默感：10.0/10，野心：10.0/10，共同兴趣：9.0/10。一位新女性正在向您求爱，其得分为：吸引力：10.0/10，真诚度：10.0/10，智力：10.0/10，幽默度：10.0/10，抱负：10.0/10，共同兴趣：10.0/10。您的重要性权重为：吸引力：15.0，真诚度：20.0，智力：20.0，幽默度：20.0，抱负： 5.0，共同兴趣：20.0。你会为了新女友离开现在的伴侣吗？你的答案必须是或否，然后说明你的理由。你必须遵守这条规则！你不能说其他话。,否，因为根据您对现有伴侣的高评价和高权重的主要属性（真诚度、智力、幽默感和共同兴趣），您与现有伴侣已经建立了深厚的关系和匹配度。单纯为了在某些属性上微小的提高而改变伴侣可能会带来不必要的风险和未知的后果。您当前的伴侣已经非常符合您的重要需求。,479,488,485,0
假设您是一位 29 岁的男性，职业类型为 Investment Banker，目前已匹配到一位伴侣。您当前伴侣的得分（满分 10 分）：吸引力：7.0/10，真诚度：7.0/10，智力：7.0/10，幽默感：6.0/10，野心：6.0/10，共同兴趣：4.0/10。一位新女性正在向您求爱，其得分为：吸引力：7.0/10，真诚度：7.0/10，智力：7.0/10，幽默度：7.0/10，抱负：7.0/10，共同兴趣：6.0/10。您的重要性权重为：吸引力：30.0，真诚度：10.0，智力：25.0，幽默度：20.0，抱负： 8.0，共同兴趣：7.0。你会为了新女友离开现在的伴侣吗？你的答案必须是或否，然后说明你的理由。你必须遵守这条规则！你不能说其他话。,否。根据您给出的重要性权重，虽然新女性在某些方面分数较高，如幽默度和抱负，但这些加分可能不足以补偿您与现有伴侣之间建立的关系基础和信任。此外，共同兴趣虽然有所提升，但仍未达到一个高度共鸣的层级，这可能是长期关系中的重要因素。基于这些分析，更换伴侣的潜在风险可能大于其潜在好处。,471,491,495,1
假设您是一位 26 岁的女性，职业类型为 Finance/Economics，目前已匹配到一位伴侣。您当前伴侣的得分（满分 10 分）：吸引力：2.0/10，真诚度：10.0/10，智力：10.0/10，幽默度：7.0/10，野心：10.0/10，共同兴趣：1.0/10。一位新男士正在向您求爱，他的得分为：吸引力：7.0/10，真诚度： 9.0/10，智力：9.0/10，幽默感：5.0/10，抱负：7.0/10，共同兴趣：5.0/10。您的重要性权重为：吸引力：20.0，真诚：20.0，智力：10.0，幽默感：20.0，抱负： 10.0，共同兴趣：20.0。你会为了新男友离开现在的伴侣吗？你的答案必须是（是）或（否），然后说明你的理由。你必须遵守这条规则！你绝对不能说其他话。,否。根据您的重要性权重，当前伴侣在您非常看重的真诚度和智力上都有满分，尽管在吸引力和共同兴趣上得分较低。而新男士虽然在吸引力上得分较高，但在真诚度和智力上略低，并且在您看重的幽默感和共同兴趣方面得分也不理想。因此，根据您的偏好，现在的伴侣可能更适合您。,484,478,472,0
假设您是一位 30 岁的女性，职业类型为 physician，目前已匹配到一位伴侣。您当前伴侣的得分（满分 10 分）：吸引力：9.0/10，真诚度：9.0/10，智力：9.0/10，幽默度：9.0/10，野心：10.0/10，共同兴趣：8.0/10。一位新男士正在向您求爱，他的得分为：吸引力：8.0/10，真诚度： 7.0/10，智力：7.0/10，幽默感：8.0/10，抱负：8.0/10，共同兴趣：8.0/10。您的重要性权重为：吸引力：15.0，真诚：15.0，智力：25.0，幽默感：10.0，抱负： 15.0，共同兴趣：20.0。你会为了新男友离开现在的伴侣吗？你的答案必须是（是）或（否），然后说明你的理由。你必须遵守这条规则！你绝对不能说其他话。,否，根据您的重要性权重和两位男士的得分，当前伴侣在多数重要属性上得分较高，同时您与当前伴侣在各方面的匹配度更高。,491,471,473,0
假设您是一位 27 岁的女性，职业类型为 Engineer，目前已匹配到一位伴侣。您当前伴侣的得分（满分 10 分）：吸引力：3.0/10，真诚度：4.0/10，智力：6.0/10，幽默度：5.0/10，野心：9.0/10，共同兴趣：7.0/10。一位新男士正在向您求爱，他的得分为：吸引力：6.0/10，真诚度： 6.0/10，智力：8.0/10，幽默感：5.0/10，抱负：7.0/10，共同兴趣：7.0/10。您的重要性权重为：吸引力：16.0，真诚：19.0，智力：16.0，幽默感：17.0，抱负： 15.0，共同兴趣：17.0。你会为了新男友离开现在的伴侣吗？你的答案必须是（是）或（否），然后说明你的理由。你必须遵守这条规则！你绝对不能说其他话。,否。根据您的重要性权重，虽然新男士在多数特质上得分较高，但他在真诚度上的得分不足以弥补现有伴侣在野心上的高分，这可能对您更为重要。,486,477,472,0
假设您是一位 30 岁的男性，职业类型为 film and radio，目前已匹配到一位伴侣。您当前伴侣的得分（满分 10 分）：吸引力：9.0/10，真诚度：10.0/10，智力：10.0/10，幽默感：9.0/10，野心：10.0/10，共同兴趣：8.0/10。一位新女性正在向您求爱，其得分为：吸引力：9.0/10，真诚度：8.0/10，智力：7.0/10，幽默度：9.0/10，抱负：7.0/10，共同兴趣：7.0/10。您的重要性权重为：吸引力：25.0，真诚度：25.0，智力：25.0，幽默度：25.0，抱负： 0.0，共同兴趣：0.0。你会为了新女友离开现在的伴侣吗？你的答案必须是或否，然后说明你的理由。你必须遵守这条规则！你不能说其他话。,否，因为根据您的重要性权重，您更看重吸引力、真诚度、智力和幽默感。现有伴侣在这些方面的得分均高于新女性，特别是在真诚度和智力方面，这可能对您的关系满意度和稳定性有重大影响。,466,494,485,1
假设您是一位 31 岁的男性，职业类型为 professional career，目前已匹配到一位伴侣。您当前伴侣的得分（满分 10 分）：吸引力：8.0/10，真诚度：10.0/10，智力：10.0/10，幽默感：9.0/10，野心：10.0/10，共同兴趣：9.0/10。一位新女性正在向您求爱，其得分为：吸引力：10.0/10，真诚度：9.0/10，智力：10.0/10，幽默度：7.0/10，抱负：10.0/10，共同兴趣：nan/10。您的重要性权重为：吸引力：16.0，真诚度：16.0，智力：20.0，幽默度：16.0，抱负： 16.0，共同兴趣：16.0。你会为了新女友离开现在的伴侣吗？你的答案必须是或否，然后说明你的理由。你必须遵守这条规则！你不能说其他话。,否。  理由是当前伴侣在多个重要维度上表现优异，特别是在真诚度、智力、幽默感、野心和共同兴趣方面的评分非常高。这表明您与当前伴侣的关系极可能是深刻且充实的。新女性在某些方面（如吸引力）评分较高，但幽默感较低，且共同兴趣的信息不明，这可能意味着与她的关系在情感和兴趣共享上可能不如现有伴侣丰富和满足。在重要性权重中，真诚度和智力是最高的，而现伴侣在这些方面的得分完美，因此更值得继续投入。,478,484,493,1
假设您是一位 30 岁的男性，职业类型为 acadeic，目前已匹配到一位伴侣。您当前伴侣的得分（满分 10 分）：吸引力：9.0/10，真诚度：9.0/10，智力：10.0/10，幽默感：9.0/10，野心：10.0/10，共同兴趣：7.0/10。一位新女性正在向您求爱，其得分为：吸引力：10.0/10，真诚度：10.0/10，智力：10.0/10，幽默度：10.0/10，抱负：10.0/10，共同兴趣：10.0/10。您的重要性权重为：吸引力：30.0，真诚度：0.0，智力：30.0，幽默度：30.0，抱负： 10.0，共同兴趣：0.0。你会为了新女友离开现在的伴侣吗？你的答案必须是或否，然后说明你的理由。你必须遵守这条规则！你不能说其他话。,否。  根据给出的权重，真诚度和共同兴趣对你没有重要性，而在吸引力、智力、幽默感和野心方面，你当前的伴侣已有很高的评分，满足你的主要需求。更换伴侣可能带来不确定的风险和稳定关系的损失。,469,492,485,0
假设您是一位 30 岁的男性，职业类型为 film and radio，目前已匹配到一位伴侣。您当前伴侣的得分（满分 10 分）：吸引力：8.0/10，真诚度：7.0/10，智力：9.0/10，幽默感：6.0/10，野心：10.0/10，共同兴趣：10.0/10。一位新女性正在向您求爱，其得分为：吸引力：9.0/10，真诚度：8.0/10，智力：7.0/10，幽默度：9.0/10，抱负：7.0/10，共同兴趣：7.0/10。您的重要性权重为：吸引力：25.0，真诚度：25.0，智力：25.0，幽默度：25.0，抱负： 0.0，共同兴趣：0.0。你会为了新女友离开现在的伴侣吗？你的答案必须是或否，然后说明你的理由。你必须遵守这条规则！你不能说其他话。,否。根据您的重要性权重，吸引力、真诚度、智力和幽默度都是重点关注的方面。尽管新女性在吸引力和幽默感上评分较高，但您当前伴侣在真诚度和智力上的评分更高，这使她在您最看重的方面更加符合您的要求。,466,494,493,1
假设您是一位 23 岁的男性，职业类型为 English teacher，目前已匹配到一位伴侣。您当前伴侣的得分（满分 10 分）：吸引力：9.0/10，真诚度：8.0/10，智力：9.0/10，幽默感：8.0/10，野心：nan/10，共同兴趣：5.0/10。一位新女性正在向您求爱，其得分为：吸引力：8.0/10，真诚度：8.0/10，智力：7.0/10，幽默度：8.0/10，抱负：6.0/10，共同兴趣：7.0/10。您的重要性权重为：吸引力：25.0，真诚度：20.0，智力：15.0，幽默度：20.0，抱负： 5.0，共同兴趣：15.0。你会为了新女友离开现在的伴侣吗？你的答案必须是或否，然后说明你的理由。你必须遵守这条规则！你不能说其他话。,否，因为根据您的重要性权重和每位候选人的得分，您当前的伴侣的综合得分更高，说明她在对您更重要的领域（如吸引力和智力）表现得更好。这意味着她更符合您的重要需求和偏好。,467,481,493,0
假设您是一位 29 岁的男性，职业类型为 Investment Banker，目前已匹配到一位伴侣。您当前伴侣的得分（满分 10 分）：吸引力：7.0/10，真诚度：10.0/10，智力：10.0/10，幽默感：7.0/10，野心：9.0/10，共同兴趣：nan/10。一位新女性正在向您求爱，其得分为：吸引力：7.0/10，真诚度：7.0/10，智力：7.0/10，幽默度：7.0/10，抱负：7.0/10，共同兴趣：6.0/10。您的重要性权重为：吸引力：30.0，真诚度：10.0，智力：25.0，幽默度：20.0，抱负： 8.0，共同兴趣：7.0。你会为了新女友离开现在的伴侣吗？你的答案必须是或否，然后说明你的理由。你必须遵守这条规则！你不能说其他话。,否，因为根据给出的得分和重要性权重，现有伴侣在真诚度、智力和野心方面的评分明显高于新女性，这些方面对您来说非常重要。即使现有伴侣在共同兴趣方面的得分未给出，她在其他关键属性上的高分可能足以弥补这一点。而新女性在所有属性上的得分均低于或等于现有伴侣，因此没有足够的理由改变当前的伴侣关系。,471,491,493,0
假设您是一位 20 岁的单身男士，有一位 25 岁的女性正在追求您。您的职业类型是 politics。您对她进行了六个维度的评估，满分为 10 分。这六个维度分别是：吸引力：7.0/10，真诚：10.0/10，智力：10.0/10，幽默感：8.0/10，抱负：10.0/10，共同兴趣：8.0/10。您对这些属性的重要性权重为：吸引力：30.0，真诚： 10.0，智力：10.0，幽默感：30.0，野心：10.0，共同兴趣：10.0。你愿意和这位女士约会吗？请告诉我原因。你的答案必须是(是）或（否），然后说明你的理由。你必须遵守这条规则！你不能说其他话。,是，因为根据给出的权重和分数，这位女士在各个维度上的表现较高，尤其是在你非常看重的真诚、智力和抱负上得满分，且得分在你看重的幽默感上也不错。总的来看，她在对你重要的属性上表现很匹配你的期望，因此值得考虑与她约会。,472,493,,1
假设您是一位 27 岁的女性，职业类型为 Engineer，目前已匹配到一位伴侣。您当前伴侣的得分（满分 10 分）：吸引力：8.0/10，真诚度：9.0/10，智力：9.0/10，幽默度：8.0/10，野心：8.0/10，共同兴趣：7.0/10。一位新男士正在向您求爱，他的得分为：吸引力：6.0/10，真诚度： 6.0/10，智力：8.0/10，幽默感：5.0/10，抱负：7.0/10，共同兴趣：7.0/10。您的重要性权重为：吸引力：16.0，真诚：19.0，智力：16.0，幽默感：17.0，抱负： 15.0，共同兴趣：17.0。你会为了新男友离开现在的伴侣吗？你的答案必须是（是）或（否），然后说明你的理由。你必须遵守这条规则！你绝对不能说其他话。,否，根据您给出的重要性权重和两位男士的得分，您当前的伴侣在各个方面的得分普遍高于新男士，表明您当前的伴侣更符合您的期望和需求。,486,477,473,0
假设您是一位 20 岁的男性，职业类型为 politics，目前已匹配到一位伴侣。您当前伴侣的得分（满分 10 分）：吸引力：7.0/10，真诚度：6.0/10，智力：6.0/10，幽默感：7.0/10，野心：5.0/10，共同兴趣：5.0/10。一位新女性正在向您求爱，其得分为：吸引力：7.0/10，真诚度：10.0/10，智力：10.0/10，幽默度：8.0/10，抱负：10.0/10，共同兴趣：8.0/10。您的重要性权重为：吸引力：30.0，真诚度：10.0，智力：10.0，幽默度：30.0，抱负： 10.0，共同兴趣：10.0。你会为了新女友离开现在的伴侣吗？你的答案必须是或否，然后说明你的理由。你必须遵守这条规则！你不能说其他话。,否，因为决定离开一个伴侣仅仅基于比较得分可能忽略了深层的情感连接与忠诚。这种决策缺乏对现有关系投入的尊重和价值。,472,493,495,0
假设您是一位 30 岁的女性，职业类型为 scientist，目前已匹配到一位伴侣。您当前伴侣的得分（满分 10 分）：吸引力：8.0/10，真诚度：10.0/10，智力：10.0/10，幽默度：9.0/10，野心：9.0/10，共同兴趣：7.0/10。一位新男士正在向您求爱，他的得分为：吸引力：4.0/10，真诚度： 10.0/10，智力：9.0/10，幽默感：5.0/10，抱负：7.0/10，共同兴趣：5.0/10。您的重要性权重为：吸引力：15.0，真诚：20.0，智力：10.0，幽默感：30.0，抱负： 5.0，共同兴趣：20.0。你会为了新男友离开现在的伴侣吗？你的答案必须是（是）或（否），然后说明你的理由。你必须遵守这条规则！你绝对不能说其他话。,否，根据给定评分和个人权重偏好，现有伴侣在各关键方面（尤其是幽默感，您权重最高的属性）的表现都优于新男士，因此留在现有伴侣身边是更合适的选择。,487,474,473,1
假设您是一位 25 岁的女性，职业类型为 Work at the UN，目前已匹配到一位伴侣。您当前伴侣的得分（满分 10 分）：吸引力：8.0/10，真诚度：10.0/10，智力：10.0/10，幽默度：8.0/10，野心：9.0/10，共同兴趣：9.0/10。一位新男士正在向您求爱，他的得分为：吸引力：9.0/10，真诚度： 8.0/10，智力：8.0/10，幽默感：9.0/10，抱负：7.0/10，共同兴趣：8.0/10。您的重要性权重为：吸引力：20.0，真诚：10.0，智力：20.0，幽默感：20.0，抱负： 10.0，共同兴趣：20.0。你会为了新男友离开现在的伴侣吗？你的答案必须是（是）或（否），然后说明你的理由。你必须遵守这条规则！你绝对不能说其他话。,否，因为根据您的重要性权重，当前伴侣在各个重要领域（真诚度、智力、共同兴趣）的表现更符合您的偏好。新男士在一些方面的评分虽高，但在您更重视的智力和真诚度方面评分较低。,492,469,473,0
假设您是一位 32 岁的单身男士，有一位 34 岁的女性正在追求您。您的职业类型是 Film。您对她进行了六个维度的评估，满分为 10 分。这六个维度分别是：吸引力：5.0/10，真诚：7.0/10，智力：7.0/10，幽默感：4.0/10，抱负：4.0/10，共同兴趣：3.0/10。您对这些属性的重要性权重为：吸引力：20.0，真诚： 20.0，智力：20.0，幽默感：15.0，野心：15.0，共同兴趣：10.0。你愿意和这位女士约会吗？请告诉我原因。你的答案必须是(是）或（否），然后说明你的理由。你必须遵守这条规则！你不能说其他话。,否  理由：根据您评估的维度和重要性权重，吸引力、幽默感、抱负和共同兴趣的评分相对较低，并且这些方面对您来说相对重要。这可能表明您和她在重要的兼容性方面存在差异，这些差异可能会阻碍发展深入的关系。,473,495,,0
假设您是一位 29 岁的男性，职业类型为 Investment Banker，目前已匹配到一位伴侣。您当前伴侣的得分（满分 10 分）：吸引力：10.0/10，真诚度：10.0/10，智力：10.0/10，幽默感：9.0/10，野心：10.0/10，共同兴趣：8.0/10。一位新女性正在向您求爱，其得分为：吸引力：7.0/10，真诚度：7.0/10，智力：7.0/10，幽默度：7.0/10，抱负：7.0/10，共同兴趣：6.0/10。您的重要性权重为：吸引力：30.0，真诚度：10.0，智力：25.0，幽默度：20.0，抱负： 8.0，共同兴趣：7.0。你会为了新女友离开现在的伴侣吗？你的答案必须是或否，然后说明你的理由。你必须遵守这条规则！你不能说其他话。,否，因为根据您的评分和重要性权重，现有伴侣在各个方面的表现都优于新女性，表明与现有伴侣的关系更有可能带来满意和成功的结果。,471,491,485,0
假设您是一位 20 岁的男性，职业类型为 politics，目前已匹配到一位伴侣。您当前伴侣的得分（满分 10 分）：吸引力：10.0/10，真诚度：10.0/10，智力：9.0/10，幽默感：10.0/10，野心：10.0/10，共同兴趣：7.0/10。一位新女性正在向您求爱，其得分为：吸引力：7.0/10，真诚度：10.0/10，智力：10.0/10，幽默度：8.0/10，抱负：10.0/10，共同兴趣：8.0/10。您的重要性权重为：吸引力：30.0，真诚度：10.0，智力：10.0，幽默度：30.0，抱负： 10.0，共同兴趣：10.0。你会为了新女友离开现在的伴侣吗？你的答案必须是或否，然后说明你的理由。你必须遵守这条规则！你不能说其他话。,否。  根据您提供的重要性权重和各项得分，您当前的伴侣在吸引力、幽默感等您视为较重要的属性上得分更高。虽然新女性在共同兴趣和智力上得分稍高，但这些属性的权重相对较低，不足以弥补其他更重要属性上的分数差异。因此，基于这些评分和权重，留在当前关系中似乎是更合理的选择。,472,493,485,1
假设您是一位 24 岁的女性，职业类型为 Consulting; later Arts or Non-Profit，目前已匹配到一位伴侣。您当前伴侣的得分（满分 10 分）：吸引力：10.0/10，真诚度：9.0/10，智力：8.0/10，幽默度：8.0/10，野心：8.0/10，共同兴趣：8.0/10。一位新男士正在向您求爱，他的得分为：吸引力：8.0/10，真诚度： 10.0/10，智力：10.0/10，幽默感：9.0/10，抱负：8.0/10，共同兴趣：7.0/10。您的重要性权重为：吸引力：20.0，真诚：20.0，智力：20.0，幽默感：20.0，抱负： 20.0，共同兴趣：0.0。你会为了新男友离开现在的伴侣吗？你的答案必须是（是）或（否），然后说明你的理由。你必须遵守这条规则！你绝对不能说其他话。,否，因为虽然新男士在智力和真诚度得分较高，但根据您的权重，吸引力同样重要，而当前伴侣在这方面的得分更高。此外，您当前的伴侣在其他方面也表现良好，因此总体而言，他可能是更适合您的选择。,481,467,473,1
假设您是一位 27 岁的女性，职业类型为 International Development，目前已匹配到一位伴侣。您当前伴侣的得分（满分 10 分）：吸引力：10.0/10，真诚度：8.0/10，智力：8.0/10，幽默度：10.0/10，野心：8.0/10，共同兴趣：8.0/10。一位新男士正在向您求爱，他的得分为：吸引力：4.0/10，真诚度： 7.0/10，智力：7.0/10，幽默感：6.0/10，抱负：nan/10，共同兴趣：8.0/10。您的重要性权重为：吸引力：10.0，真诚：15.0，智力：30.0，幽默感：10.0，抱负： 15.0，共同兴趣：20.0。你会为了新男友离开现在的伴侣吗？你的答案必须是（是）或（否），然后说明你的理由。你必须遵守这条规则！你绝对不能说其他话。,否。根据您设定的重要性权重，您当前的伴侣在多个被高度重视的维度（如吸引力、智力、幽默感）上得分较高，与新男士相比具有更优的总体表现。因此，换伴侣似乎不符合您的最佳利益。,482,475,473,0
假设您是一位 25 岁的女性，职业类型为 Professor; Human Rights Director，目前已匹配到一位伴侣。您当前伴侣的得分（满分 10 分）：吸引力：10.0/10，真诚度：8.0/10，智力：8.0/10，幽默度：8.0/10，野心：10.0/10，共同兴趣：7.0/10。一位新男士正在向您求爱，他的得分为：吸引力：6.0/10，真诚度： 6.0/10，智力：6.0/10，幽默感：7.0/10，抱负：7.0/10，共同兴趣：5.0/10。您的重要性权重为：吸引力：15.0，真诚：25.0，智力：15.0，幽默感：15.0，抱负： 15.0，共同兴趣：15.0。你会为了新男友离开现在的伴侣吗？你的答案必须是（是）或（否），然后说明你的理由。你必须遵守这条规则！你绝对不能说其他话。,否，根据您设置的重要性权重和两位男士的评分，当前伴侣在各方面的得分普遍高于新男士，特别是在您更重视的真诚度和野心方面。因此，从理性评估来看，留在当前关系是更合适的选择。,483,468,473,1
假设您是一位 24 岁的男性，职业类型为 Professor...?，目前已匹配到一位伴侣。您当前伴侣的得分（满分 10 分）：吸引力：7.0/10，真诚度：8.0/10，智力：7.0/10，幽默感：7.0/10，野心：6.0/10，共同兴趣：5.0/10。一位新女性正在向您求爱，其得分为：吸引力：7.0/10，真诚度：6.0/10，智力：7.0/10，幽默度：7.0/10，抱负：7.0/10，共同兴趣：5.0/10。您的重要性权重为：吸引力：25.0，真诚度：26.0，智力：15.0，幽默度：10.0，抱负： 9.0，共同兴趣：15.0。你会为了新女友离开现在的伴侣吗？你的答案必须是或否，然后说明你的理由。你必须遵守这条规则！你不能说其他话。,否。  因为根据您的重要性权重，真诚度对您来说非常重要，而您现在的伴侣在真诚度上的得分（8.0/10）比新女性的得分（6.0/10）高。由于真诚度的权重最高，即使其他方面的得分相似或略下降，现伴侣的高真诚度分数更符合您的重视标准，因此您不应为了新女性离开现在的伴侣。,474,487,495,0
假设您是一位 26 岁的女性，职业类型为 Finance/Economics，目前已匹配到一位伴侣。您当前伴侣的得分（满分 10 分）：吸引力：8.0/10，真诚度：10.0/10，智力：10.0/10，幽默度：8.0/10，野心：8.0/10，共同兴趣：8.0/10。一位新男士正在向您求爱，他的得分为：吸引力：7.0/10，真诚度： 9.0/10，智力：9.0/10，幽默感：5.0/10，抱负：7.0/10，共同兴趣：5.0/10。您的重要性权重为：吸引力：20.0，真诚：20.0，智力：10.0，幽默感：20.0，抱负： 10.0，共同兴趣：20.0。你会为了新男友离开现在的伴侣吗？你的答案必须是（是）或（否），然后说明你的理由。你必须遵守这条规则！你绝对不能说其他话。,否，根据您设置的重要性权重和得分，您当前的伴侣在各个方面的总体评分更高，特别是在您更加重视的幽默感和共同兴趣这两个方面。这表明与现有伴侣相比，新男士在关键的兼容性和吸引力方面表现不如现有伴侣。,484,478,473,1
假设您是一位 30 岁的男性，职业类型为 Management Consulting，目前已匹配到一位伴侣。您当前伴侣的得分（满分 10 分）：吸引力：7.0/10，真诚度：7.0/10，智力：7.0/10，幽默感：7.0/10，野心：5.0/10，共同兴趣：5.0/10。一位新女性正在向您求爱，其得分为：吸引力：5.0/10，真诚度：7.0/10，智力：7.0/10，幽默度：7.0/10，抱负：5.0/10，共同兴趣：8.0/10。您的重要性权重为：吸引力：20.0，真诚度：10.0，智力：22.0，幽默度：20.0，抱负： 15.0，共同兴趣：13.0。你会为了新女友离开现在的伴侣吗？你的答案必须是或否，然后说明你的理由。你必须遵守这条规则！你不能说其他话。,否，  原因：根据您给出的重要性权重，计算两位伴侣的加权得分可发现当前伴侣的得分高于新女性。尽管新女性在共同兴趣上得分较高，但根据您的权重设置，吸引力和智力的得分较为关键，而这两点您当前的伴侣得分更高。因此，综合考虑各项指标和重要性权重，留在当前伴侣身边是更合理的选择。,475,482,495,1
假设您是一位 32 岁的男性，职业类型为 Medical Sciences，目前已匹配到一位伴侣。您当前伴侣的得分（满分 10 分）：吸引力：7.0/10，真诚度：7.0/10，智力：6.0/10，幽默感：6.0/10，野心：6.0/10，共同兴趣：4.0/10。一位新女性正在向您求爱，其得分为：吸引力：4.0/10，真诚度：6.0/10，智力：7.0/10，幽默度：7.0/10，抱负：6.0/10，共同兴趣：9.0/10。您的重要性权重为：吸引力：20.0，真诚度：20.0，智力：20.0，幽默度：15.0，抱负： 10.0，共同兴趣：15.0。你会为了新女友离开现在的伴侣吗？你的答案必须是或否，然后说明你的理由。你必须遵守这条规则！你不能说其他话。,否。  根据您的重要性权重和伴侣得分的加权，虽然新女性在智力、幽默度和共同兴趣方面与您更为匹配，但在您非常重视的吸引力和真诚度方面得分较低。因此，整体考量后，现在的伴侣在满足您的关键需求上更为得当。,477,486,495,0
假设您是一位 31 岁的男性，职业类型为 professional career，目前已匹配到一位伴侣。您当前伴侣的得分（满分 10 分）：吸引力：6.0/10，真诚度：6.0/10，智力：6.0/10，幽默感：5.0/10，野心：5.0/10，共同兴趣：4.0/10。一位新女性正在向您求爱，其得分为：吸引力：10.0/10，真诚度：9.0/10，智力：10.0/10，幽默度：7.0/10，抱负：10.0/10，共同兴趣：nan/10。您的重要性权重为：吸引力：16.0，真诚度：16.0，智力：20.0，幽默度：16.0，抱负： 16.0，共同兴趣：16.0。你会为了新女友离开现在的伴侣吗？你的答案必须是或否，然后说明你的理由。你必须遵守这条规则！你不能说其他话。,否。  原因是：在确定是否切换伴侣时，共同兴趣的得分未知可能表示与新女性在兴趣或日常生活中可能存在兼容性问题。尽管新女性在其他方面的评分较高，但缺乏关于共同兴趣的具体信息可能意味着这种关系在长远来看可能无法满足全部的个人需求。此外，已有的伴侣虽然各项得分不高，却提供了一个已知的关系基础和稳定性，这些是决策时不可忽视的因素。,478,484,495,1
假设您是一位 29 岁的男性，职业类型为 Management Consulting，目前已匹配到一位伴侣。您当前伴侣的得分（满分 10 分）：吸引力：7.0/10，真诚度：6.0/10，智力：7.0/10，幽默感：5.0/10，野心：7.0/10，共同兴趣：5.0/10。一位新女性正在向您求爱，其得分为：吸引力：10.0/10，真诚度：10.0/10，智力：10.0/10，幽默度：10.0/10，抱负：10.0/10，共同兴趣：10.0/10。您的重要性权重为：吸引力：15.0，真诚度：20.0，智力：20.0，幽默度：20.0，抱负： 5.0，共同兴趣：20.0。你会为了新女友离开现在的伴侣吗？你的答案必须是或否，然后说明你的理由。你必须遵守这条规则！你不能说其他话。,否。选择生活伴侣的决策涉及情感、责任、承诺和与现伴侣共度的经历，不应仅基于分数和理论上的匹配计算。,479,488,495,0
假设您是一位 29 岁的单身男士，有一位 34 岁的女性正在追求您。您的职业类型是 writer/teacher。您对她进行了六个维度的评估，满分为 10 分。这六个维度分别是：吸引力：9.0/10，真诚：10.0/10，智力：10.0/10，幽默感：8.0/10，抱负：10.0/10，共同兴趣：7.0/10。您对这些属性的重要性权重为：吸引力：20.0，真诚： 15.0，智力：20.0，幽默感：15.0，野心：15.0，共同兴趣：15.0。你愿意和这位女士约会吗？请告诉我原因。你的答案必须是(是）或（否），然后说明你的理由。你必须遵守这条规则！你不能说其他话。,是，根据您的评分和权重，这位女士在各个重要维度如真诚、智力和抱负上都有高分，这些都是建立长期关系的重要因素。虽然共同兴趣的得分相对较低，但其他各方面的高分补偿了这一点。因此，基于这些评估，建议您可以考虑与她约会。,473,485,,1
假设您是一位 29 岁的男性，职业类型为 writer/teacher，目前已匹配到一位伴侣。您当前伴侣的得分（满分 10 分）：吸引力：5.0/10，真诚度：7.0/10，智力：7.0/10，幽默感：4.0/10，野心：4.0/10，共同兴趣：3.0/10。一位新女性正在向您求爱，其得分为：吸引力：9.0/10，真诚度：10.0/10，智力：10.0/10，幽默度：8.0/10，抱负：10.0/10，共同兴趣：7.0/10。您的重要性权重为：吸引力：20.0，真诚度：15.0，智力：20.0，幽默度：15.0，抱负： 15.0，共同兴趣：15.0。你会为了新女友离开现在的伴侣吗？你的答案必须是或否，然后说明你的理由。你必须遵守这条规则！你不能说其他话。,否。  原因：尽管新女性在各方面的得分较高，但决定是否结束一段关系不应只基于比较得分。需要考虑长期的情感投入、信任以及双方已建立的共同回忆。感情的深度和历史不能仅用数值评分来衡量。,473,485,495,1
