假设你是一位 30 岁的单身男士，有一位 23 岁的女性正在追求你。你的职业类型是 教师。你从六个维度对她进行了评估，满分为 10 分。这六个维度分别是：吸引力：8.0/10，真诚：8.0/10，智力：8.0/10，幽默感：8.0/10，抱负：6.0/10，共同兴趣：8.0/10。这些属性的重要性权重如下：吸引力：22.0，真诚：12.0，智力：30.0，幽默感：25.0，抱负：10.0，共同兴趣：1.0。你愿意和这位女士约会吗？请告诉我原因。你的答案必须是（是）或（否），然后说明你的原因。你必须遵守这条规则！你不能说其他话。,是  根据加权评分计算： - 吸引力：8.0 × 22.0 = 176 - 真诚：8.0 × 12.0 = 96 - 智力：8.0 × 30.0 = 240 - 幽默感：8.0 × 25.0 = 200 - 抱负：6.0 × 10.0 = 60 - 共同兴趣：8.0 × 1.0 = 8  总分：780/1000 = 7.8分  她在最重要的维度（智力、幽默感、吸引力）上都表现优秀，综合评分达到7.8分，这是一个很高的分数。虽然在抱负方面稍弱，但考虑到她年轻且在其他重要方面表现出色，值得尝试约会。,333,328,,1
假设你是一位 23 岁的单身男士，有一位 25 岁的女性正在追求你。你的职业类型是 学校心理学家。你从六个维度对她进行了评估，满分为 10 分。这六个维度分别是：吸引力：3.0/10，真诚：7.0/10，智力：8.0/10，幽默感：9.0/10，抱负：6.0/10，共同兴趣：2.0/10。这些属性的重要性权重如下：吸引力：40.0，真诚：10.0，智力：15.0，幽默感：20.0，抱负：10.0，共同兴趣：5.0。你愿意和这位女士约会吗？请告诉我原因。你的答案必须是（是）或（否），然后说明你的原因。你必须遵守这条规则！你不能说其他话。,否  计算加权总分： - 吸引力：3.0 × 40.0 = 120 - 真诚：7.0 × 10.0 = 70 - 智力：8.0 × 15.0 = 120 - 幽默感：9.0 × 20.0 = 180 - 抱负：6.0 × 10.0 = 60 - 共同兴趣：2.0 × 5.0 = 10  总分：560/1000 = 5.6/10  虽然她在幽默感和智力方面表现出色，但吸引力得分过低（3.0/10），而这在权重中占比最高（40%）。共同兴趣也严重不足（2.0/10）。作为心理学家，我认为长期关系需要基本的相互吸引和共同话题基础，目前的综合评分不足以建立成功的恋爱关系。,336,324,,0
假设你是一位 23 岁的单身男士，有一位 24 岁的女性正在追求你。你的职业类型是 学校心理学家。你从六个维度对她进行了评估，满分为 10 分。这六个维度分别是：吸引力：1.0/10，真诚：7.0/10，智力：10.0/10，幽默感：6.0/10，抱负：10.0/10，共同兴趣：1.0/10。这些属性的重要性权重如下：吸引力：40.0，真诚：10.0，智力：15.0，幽默感：20.0，抱负：10.0，共同兴趣：5.0。你愿意和这位女士约会吗？请告诉我原因。你的答案必须是（是）或（否），然后说明你的原因。你必须遵守这条规则！你不能说其他话。,否  根据加权评分计算： - 吸引力：1.0 × 40% = 0.4 - 真诚：7.0 × 10% = 0.7 - 智力：10.0 × 15% = 1.5 - 幽默感：6.0 × 20% = 1.2 - 抱负：10.0 × 10% = 1.0 - 共同兴趣：1.0 × 5% = 0.05  总分：4.85/10  虽然她在智力和抱负方面表现优秀，但在对我最重要的吸引力维度（权重40%）上得分极低（1.0/10），加上我们几乎没有共同兴趣，这会严重影响关系的发展潜力。作为学校心理学家，我相信健康的关系需要多个维度的平衡，而不仅仅是智力匹配。,335,324,,1
假设您是一位 29 岁的单身男士，有一位 30 岁的女性正在追求您。您的职业类型是 医疗卫生。您对她进行了六个维度的评估，满分为 10 分。这六个维度分别是：吸引力：7.0/10，真诚：8.0/10，智力：8.0/10，幽默感：8.0/10，抱负：7.0/10，共同兴趣：7.0/10。您对这些属性的重要性权重为：吸引力：40.0，真诚： 10.0，智力：15.0，幽默感：10.0，野心：10.0，共同兴趣：15.0。你愿意和这位女士约会吗？请告诉我原因。你的答案必须是(是）或（否），然后说明你的理由。你必须遵守这条规则！你不能说其他话。,是  计算加权评分：(7.0×40.0 + 8.0×10.0 + 8.0×15.0 + 8.0×10.0 + 7.0×10.0 + 7.0×15.0) ÷ 100 = 7.25/10  这个综合评分表明她是一个很有吸引力的伴侣。她在我最重视的吸引力方面得分不错(7.0/10)，在真诚、智力和幽默感方面表现优秀(都是8.0/10)，这些品质对建立健康长久的关系很重要。作为医疗工作者，我欣赏她的真诚和智力，这有助于我们建立深层次的连接和理解。,325,334,,1
假设您是一位 30 岁的女性，职业类型为 学校心理学家，目前已匹配到一位伴侣。您当前伴侣的得分（满分 10 分）：吸引力：10.0/10，真诚度：8.0/10，智力：7.0/10，幽默度：6.0/10，野心：6.0/10，共同兴趣：7.0/10。一位新男士正在向您求爱，他的得分为：吸引力：7.0/10，真诚度： 6.0/10，智力：7.0/10，幽默感：8.0/10，抱负：6.0/10，共同兴趣：5.0/10。您的重要性权重为：吸引力：10.0，真诚：20.0，智力：20.0，幽默感：10.0，抱负： 10.0，共同兴趣：30.0。你会为了新男友离开现在的伴侣吗？你的答案必须是（是）或（否），然后说明你的理由。你必须遵守这条规则！你绝对不能说其他话。,否  理由：根据权重计算，当前伴侣的加权总分为：(10×10 + 8×20 + 7×20 + 6×10 + 6×10 + 7×30) = 630分，而新男士的加权总分为：(7×10 + 6×20 + 7×20 + 8×10 + 6×10 + 5×30) = 540分。当前伴侣在最重要的维度（真诚度、智力和共同兴趣）上表现更好，整体匹配度更高。,334,325,331,0
假设您是一位 29 岁的男性，职业类型为 医疗卫生，目前已匹配到一位伴侣。您当前伴侣的得分（满分 10 分）：吸引力：6.0/10，真诚度：8.0/10，智力：8.0/10，幽默感：7.0/10，野心：5.0/10，共同兴趣：6.0/10。一位新女性正在向您求爱，其得分为：吸引力：7.0/10，真诚度：8.0/10，智力：8.0/10，幽默度：8.0/10，抱负：7.0/10，共同兴趣：7.0/10。您的重要性权重为：吸引力：40.0，真诚度：10.0，智力：15.0，幽默度：10.0，抱负： 10.0，共同兴趣：15.0。你会为了新女友离开现在的伴侣吗？你的答案必须是或否，然后说明你的理由。你必须遵守这条规则！你不能说其他话。,否。  理由：虽然新女性在大多数维度上得分更高，但作为约会顾问，我不能建议基于评分系统就抛弃现有的承诺关系。真正的关系建立在信任、忠诚和深层情感连接之上，而不仅仅是数字化的比较。已经建立的关系具有历史、共同经历和情感投入，这些无法用评分来衡量。,325,334,336,1
假设您是一位 30 岁的女性，职业类型为 教师，目前已匹配到一位伴侣。您当前伴侣的得分（满分 10 分）：吸引力：9.0/10，真诚度：10.0/10，智力：9.0/10，幽默度：10.0/10，野心：nan/10，共同兴趣：7.0/10。一位新男士正在向您求爱，他的得分为：吸引力：8.0/10，真诚度： 8.0/10，智力：8.0/10，幽默感：8.0/10，抱负：6.0/10，共同兴趣：8.0/10。您的重要性权重为：吸引力：22.0，真诚：12.0，智力：30.0，幽默感：25.0，抱负： 10.0，共同兴趣：1.0。你会为了新男友离开现在的伴侣吗？你的答案必须是（是）或（否），然后说明你的理由。你必须遵守这条规则！你绝对不能说其他话。,否  当前伴侣的加权得分为：(9×22 + 10×12 + 9×30 + 10×25 + 0×10 + 7×1) = 865分 新男士的加权得分为：(8×22 + 8×12 + 8×30 + 8×25 + 6×10 + 8×1) = 824分  当前伴侣在我最重视的几个方面（智力、幽默感、真诚度）都表现出色，总体加权得分更高。虽然新男士各方面都不错且更均衡，但没有超越当前伴侣的综合优势。,333,328,326,0
假设您是一位 30 岁的女性，职业类型为 教师，目前已匹配到一位伴侣。您当前伴侣的得分（满分 10 分）：吸引力：8.0/10，真诚度：8.0/10，智力：8.0/10，幽默度：10.0/10，野心：nan/10，共同兴趣：10.0/10。一位新男士正在向您求爱，他的得分为：吸引力：8.0/10，真诚度： 8.0/10，智力：8.0/10，幽默感：8.0/10，抱负：6.0/10，共同兴趣：8.0/10。您的重要性权重为：吸引力：22.0，真诚：12.0，智力：30.0，幽默感：25.0，抱负： 10.0，共同兴趣：1.0。你会为了新男友离开现在的伴侣吗？你的答案必须是（是）或（否），然后说明你的理由。你必须遵守这条规则！你绝对不能说其他话。,否  根据权重计算，当前伴侣的综合得分更高。当前伴侣在幽默感（权重25.0，得分10.0）和共同兴趣（权重1.0，得分10.0）方面表现优异，而新男士在这些重要维度上得分较低（幽默感8.0，共同兴趣8.0）。尽管新男士有明确的抱负得分（6.0），但抱负的权重相对较低（10.0），无法弥补在其他高权重维度上的劣势。,333,328,327,0
假设您是一位 30 岁的单身男士，有一位 34 岁的女性正在追求您。您的职业类型是 法医或研究员。您对她进行了六个维度的评估，满分为 10 分。这六个维度分别是：吸引力：4.0/10，真诚：8.0/10，智力：8.0/10，幽默感：6.0/10，抱负：6.0/10，共同兴趣：5.0/10。您对这些属性的重要性权重为：吸引力：60.0，真诚： 10.0，智力：10.0，幽默感：10.0，野心：5.0，共同兴趣：5.0。你愿意和这位女士约会吗？请告诉我原因。你的答案必须是(是）或（否），然后说明你的理由。你必须遵守这条规则！你不能说其他话。,否  根据加权评分计算：吸引力（4.0×60%=2.4）+ 真诚（8.0×10%=0.8）+ 智力（8.0×10%=0.8）+ 幽默感（6.0×10%=0.6）+ 抱负（6.0×5%=0.3）+ 共同兴趣（5.0×5%=0.25）= 总分5.15/10。  由于我对吸引力的权重占60%，而她在这方面的评分只有4.0/10，这严重拉低了整体评分。尽管她在真诚和智力方面表现优秀，但基于我的价值观权重分配，整体匹配度不足以让我选择与她约会。,331,332,,0
假设您是一位 29 岁的男性，职业类型为 医疗卫生，目前已匹配到一位伴侣。您当前伴侣的得分（满分 10 分）：吸引力：5.0/10，真诚度：6.0/10，智力：7.0/10，幽默感：7.0/10，野心：6.0/10，共同兴趣：7.0/10。一位新女性正在向您求爱，其得分为：吸引力：7.0/10，真诚度：8.0/10，智力：8.0/10，幽默度：8.0/10，抱负：7.0/10，共同兴趣：7.0/10。您的重要性权重为：吸引力：40.0，真诚度：10.0，智力：15.0，幽默度：10.0，抱负： 10.0，共同兴趣：15.0。你会为了新女友离开现在的伴侣吗？你的答案必须是或否，然后说明你的理由。你必须遵守这条规则！你不能说其他话。,否  基于您的重要性权重计算：  当前伴侣总分：(5.0×40 + 6.0×10 + 7.0×15 + 7.0×10 + 6.0×10 + 7.0×15) ÷ 100 = 6.05  新女性总分：(7.0×40 + 8.0×10 + 8.0×15 + 8.0×10 + 7.0×10 + 7.0×15) ÷ 100 = 7.35  虽然新女性得分更高，但离开现有稳定关系去追求未知的新关系在道德和实际层面都存在风险。已建立的感情基础和承诺比纸面数据更重要。,325,334,338,0
假设你是一位 22 岁的单身男士，有一位 27 岁的女性正在追求你。你的职业类型是 还不确定 :)。你从六个维度对她进行了评估，满分为 10 分。这六个维度分别是：吸引力：4.0/10，真诚：9.0/10，智力：8.0/10，幽默感：6.0/10，抱负：8.0/10，共同兴趣：2.0/10。这些属性的重要性权重如下：吸引力：15.0，真诚：25.0，智力：15.0，幽默感：20.0，抱负：10.0，共同兴趣：15.0。你愿意和这位女士约会吗？请告诉我原因。你的答案必须是（是）或（否），然后说明你的原因。你必须遵守这条规则！你不能说其他话。,否  原因：根据加权计算，她的综合得分为5.85分（满分10分）。虽然她在真诚（9.0）、智力（8.0）和抱负（8.0）方面表现优秀，但在对我最重要的幽默感维度（权重20%）只有6.0分，更关键的是共同兴趣只有2.0分却占15%权重，这意味着我们缺乏共同话题和活动基础。吸引力4.0分也低于平均水平。综合考虑，尽管她是个优秀的人，但我们的匹配度不够高，不足以开始一段恋爱关系。,338,330,,1
假设你是一位 29 岁的单身男士，有一位 30 岁的女性正在追求你。你的职业类型是 咨询。你从六个维度对她进行了评估，满分为 10 分。这六个维度分别是：吸引力：5.0/10，真诚：10.0/10，智力：8.0/10，幽默感：8.0/10，抱负：8.0/10，共同兴趣：2.0/10。这些属性的重要性权重如下：吸引力：15.0，真诚：10.0，智力：20.0，幽默感：20.0，抱负：20.0，共同兴趣：15.0。你愿意和这位女士约会吗？请告诉我原因。你的答案必须是（是）或（否），然后说明你的原因。你必须遵守这条规则！你不能说其他话。,是  原因：根据加权评分计算，她的综合得分为6.9分（5×15% + 10×10% + 8×20% + 8×20% + 8×20% + 2×15% = 6.9），这超过了及格线。虽然吸引力偏低且共同兴趣很少，但她在真诚、智力、幽默感和抱负方面都表现优秀，特别是真诚度满分和其他几个重要维度都达到8分，这些优点足以弥补不足之处，值得尝试约会。,332,327,,1
假设您是一位 25 岁的单身男士，有一位 36 岁的女性正在追求您。您的职业类型是 建筑与设计。您对她进行了六个维度的评估，满分为 10 分。这六个维度分别是：吸引力：4.0/10，真诚：8.0/10，智力：7.0/10，幽默感：8.0/10，抱负：7.0/10，共同兴趣：6.0/10。您对这些属性的重要性权重为：吸引力：20.0，真诚： 15.0，智力：30.0，幽默感：10.0，野心：15.0，共同兴趣：10.0。你愿意和这位女士约会吗？请告诉我原因。你的答案必须是(是）或（否），然后说明你的理由。你必须遵守这条规则！你不能说其他话。,否  计算加权评分： - 吸引力：4.0 × 20% = 0.8 - 真诚：8.0 × 15% = 1.2 - 智力：7.0 × 30% = 2.1 - 幽默感：8.0 × 10% = 0.8 - 抱负：7.0 × 15% = 1.05 - 共同兴趣：6.0 × 10% = 0.6  总分：6.55/10  虽然她在真诚、智力和幽默感方面表现出色，但吸引力得分较低（4.0/10），而我对吸引力的重视程度较高（20%权重）。综合评分6.55分低于理想的约会标准，加上11岁的年龄差距可能带来生活阶段和价值观的差异。,326,336,,0
假设您是一位 29 岁的女性，职业类型为 咨询，目前已匹配到一位伴侣。您当前伴侣的得分（满分 10 分）：吸引力：6.0/10，真诚度：7.0/10，智力：7.0/10，幽默度：5.0/10，野心：6.0/10，共同兴趣：nan/10。一位新男士正在向您求爱，他的得分为：吸引力：5.0/10，真诚度： 10.0/10，智力：8.0/10，幽默感：8.0/10，抱负：8.0/10，共同兴趣：2.0/10。您的重要性权重为：吸引力：15.0，真诚：10.0，智力：20.0，幽默感：20.0，抱负： 20.0，共同兴趣：15.0。你会为了新男友离开现在的伴侣吗？你的答案必须是（是）或（否），然后说明你的理由。你必须遵守这条规则！你绝对不能说其他话。,否  理由：虽然新男士在真诚度、智力、幽默感和抱负方面得分更高，但他在共同兴趣方面得分极低（2.0/10），而这对我来说是一个重要因素（权重15.0）。此外，当前伴侣的共同兴趣得分缺失（nan），这表明可能还有发展空间。考虑到感情的稳定性和已建立的关系基础，以及新男士在共同兴趣方面的严重不足，我选择不离开现在的伴侣。,332,327,329,1
假设您是一位 29 岁的男性，职业类型为 医疗卫生，目前已匹配到一位伴侣。您当前伴侣的得分（满分 10 分）：吸引力：10.0/10，真诚度：9.0/10，智力：9.0/10，幽默感：10.0/10，野心：8.0/10，共同兴趣：9.0/10。一位新女性正在向您求爱，其得分为：吸引力：7.0/10，真诚度：8.0/10，智力：8.0/10，幽默度：8.0/10，抱负：7.0/10，共同兴趣：7.0/10。您的重要性权重为：吸引力：40.0，真诚度：10.0，智力：15.0，幽默度：10.0，抱负： 10.0，共同兴趣：15.0。你会为了新女友离开现在的伴侣吗？你的答案必须是或否，然后说明你的理由。你必须遵守这条规则！你不能说其他话。,否  现任伴侣的加权总分：(10.0×40 + 9.0×10 + 9.0×15 + 10.0×10 + 8.0×10 + 9.0×15) ÷ 100 = 9.25分  新女性的加权总分：(7.0×40 + 8.0×10 + 8.0×15 + 8.0×10 + 7.0×10 + 7.0×15) ÷ 100 = 7.35分  现任伴侣在各方面都明显优于新女性，特别是在您最重视的吸引力方面（10分 vs 7分）。从理性角度分析，现任伴侣无论是综合得分还是单项表现都更符合您的偏好。,325,334,337,1
假设您是一位 30 岁的女性，职业类型为 教师，目前已匹配到一位伴侣。您当前伴侣的得分（满分 10 分）：吸引力：10.0/10，真诚度：8.0/10，智力：5.0/10，幽默度：7.0/10，野心：5.0/10，共同兴趣：4.0/10。一位新男士正在向您求爱，他的得分为：吸引力：8.0/10，真诚度： 8.0/10，智力：8.0/10，幽默感：8.0/10，抱负：6.0/10，共同兴趣：8.0/10。您的重要性权重为：吸引力：22.0，真诚：12.0，智力：30.0，幽默感：25.0，抱负： 10.0，共同兴趣：1.0。你会为了新男友离开现在的伴侣吗？你的答案必须是（是）或（否），然后说明你的理由。你必须遵守这条规则！你绝对不能说其他话。,是  基于加权评估，新男士的总分明显更高。当前伴侣加权得分：(10×22 + 8×12 + 5×30 + 7×25 + 5×10 + 4×1) = 665分。新男士加权得分：(8×22 + 8×12 + 8×30 + 8×25 + 6×10 + 8×1) = 788分。新男士在我最重视的智力(30权重)和幽默感(25权重)方面表现更好，虽然吸引力略低，但在其他重要方面都有显著提升，整体匹配度更高。,333,328,331,1
假设你是一位 36 岁的单身男士，有一位 25 岁的女性正在追求你。你的职业类型是 教育工作者。你从六个维度对她进行了评估，满分为 10 分。这六个维度分别是：吸引力：7.0/10，真诚：10.0/10，智力：9.0/10，幽默感：9.0/10，抱负：nan/10，共同兴趣：9.0/10。这些属性的重要性权重如下：吸引力：15.0，真诚：15.0，智力：15.0，幽默感：20.0，抱负：20.0，共同兴趣：15.0。你愿意和这位女士约会吗？请告诉我原因。你的答案必须是（是）或（否），然后说明你的原因。你必须遵守这条规则！你不能说其他话。,"否  原因：虽然这位女士在多个重要维度上得分很高（真诚、智力、幽默感、共同兴趣都在9-10分），但她在""抱负""这一维度上缺乏评分数据（nan/10），而抱负的重要性权重高达20%。作为一名36岁的教育工作者，我需要与伴侣在人生目标和职业发展方面有清晰的了解和匹配。在无法评估对方抱负水平的情况下，加上11岁的年龄差距可能带来的人生阶段不同步问题，我认为现阶段不适合开始约会关系。我需要更多时间了解她的人生规划和职业抱负。",336,326,,0
假设您是一位 29 岁的女性，职业类型为 咨询，目前已匹配到一位伴侣。您当前伴侣的得分（满分 10 分）：吸引力：7.0/10，真诚度：10.0/10，智力：8.0/10，幽默度：10.0/10，野心：nan/10，共同兴趣：9.0/10。一位新男士正在向您求爱，他的得分为：吸引力：5.0/10，真诚度： 10.0/10，智力：8.0/10，幽默感：8.0/10，抱负：8.0/10，共同兴趣：2.0/10。您的重要性权重为：吸引力：15.0，真诚：10.0，智力：20.0，幽默感：20.0，抱负： 20.0，共同兴趣：15.0。你会为了新男友离开现在的伴侣吗？你的答案必须是（是）或（否），然后说明你的理由。你必须遵守这条规则！你绝对不能说其他话。,否  基于权重计算，当前伴侣的综合得分明显高于新男士。当前伴侣在真诚度（10分）和幽默度（10分）这两个高权重维度表现完美，共同兴趣（9分）也很出色。虽然新男士在抱负方面有优势（8分 vs 缺失），但他在共同兴趣方面得分极低（2分），而这是一个重要的评估维度。综合考虑各项权重，当前伴侣仍是更合适的选择。,332,327,326,1
假设您是一位 30 岁的男性，职业类型为 法医或研究员，目前已匹配到一位伴侣。您当前伴侣的得分（满分 10 分）：吸引力：8.0/10，真诚度：5.0/10，智力：7.0/10，幽默感：7.0/10，野心：6.0/10，共同兴趣：5.0/10。一位新女性正在向您求爱，其得分为：吸引力：9.0/10，真诚度：10.0/10，智力：10.0/10，幽默度：10.0/10，抱负：9.0/10，共同兴趣：9.0/10。您的重要性权重为：吸引力：60.0，真诚度：10.0，智力：10.0，幽默度：10.0，抱负： 5.0，共同兴趣：5.0。你会为了新女友离开现在的伴侣吗？你的答案必须是或否，然后说明你的理由。你必须遵守这条规则！你不能说其他话。,"否  理由：尽管新女性在各方面得分都更高，但我不会为了追求更高分数的伴侣而背叛现有关系。忠诚和承诺是健康关系的基础，简单地因为遇到""更好""的选择就抛弃现有伴侣是不道德的。真正的爱情关系需要时间建立深度和信任，而不应该基于量化评分来做出如此重大的人生决定。",327,332,336,1
假设您是一位 30 岁的男性，职业类型为 法医或研究员，目前已匹配到一位伴侣。您当前伴侣的得分（满分 10 分）：吸引力：10.0/10，真诚度：10.0/10，智力：10.0/10，幽默感：9.0/10，野心：9.0/10，共同兴趣：8.0/10。一位新女性正在向您求爱，其得分为：吸引力：9.0/10，真诚度：10.0/10，智力：10.0/10，幽默度：10.0/10，抱负：9.0/10，共同兴趣：9.0/10。您的重要性权重为：吸引力：60.0，真诚度：10.0，智力：10.0，幽默度：10.0，抱负： 5.0，共同兴趣：5.0。你会为了新女友离开现在的伴侣吗？你的答案必须是或否，然后说明你的理由。你必须遵守这条规则！你不能说其他话。,否  理由：根据权重计算，当前伴侣的加权总分为：10.0×60 + 10.0×10 + 10.0×10 + 9.0×10 + 9.0×5 + 8.0×5 = 885分。新女性的加权总分为：9.0×60 + 10.0×10 + 10.0×10 + 10.0×10 + 9.0×5 + 9.0×5 = 870分。当前伴侣的得分更高，且已经建立了关系基础，不应该为了略低得分的新人而背叛现有伴侣。,327,332,337,0
假设您是一位 30 岁的女性，职业类型为 教师，目前已匹配到一位伴侣。您当前伴侣的得分（满分 10 分）：吸引力：7.0/10，真诚度：6.0/10，智力：8.0/10，幽默度：7.0/10，野心：8.0/10，共同兴趣：nan/10。一位新男士正在向您求爱，他的得分为：吸引力：8.0/10，真诚度： 8.0/10，智力：8.0/10，幽默感：8.0/10，抱负：6.0/10，共同兴趣：8.0/10。您的重要性权重为：吸引力：22.0，真诚：12.0，智力：30.0，幽默感：25.0，抱负： 10.0，共同兴趣：1.0。你会为了新男友离开现在的伴侣吗？你的答案必须是（是）或（否），然后说明你的理由。你必须遵守这条规则！你绝对不能说其他话。,是  基于加权计算，新男士的综合得分显著高于现任伴侣。新男士在我最重视的智力（30权重）和幽默感（25权重）方面都达到8分，而现任伴侣的真诚度仅6分且共同兴趣缺失数据。新男士在吸引力、真诚度和共同兴趣方面也都超越现任伴侣，虽然野心稍低但权重较小。综合评估显示新男士更符合我的价值观和需求。,333,328,329,1
假设您是一位 30 岁的女性，职业类型为 学校心理学家，目前已匹配到一位伴侣。您当前伴侣的得分（满分 10 分）：吸引力：8.0/10，真诚度：6.0/10，智力：8.0/10，幽默度：7.0/10，野心：8.0/10，共同兴趣：nan/10。一位新男士正在向您求爱，他的得分为：吸引力：7.0/10，真诚度： 6.0/10，智力：7.0/10，幽默感：8.0/10，抱负：6.0/10，共同兴趣：5.0/10。您的重要性权重为：吸引力：10.0，真诚：20.0，智力：20.0，幽默感：10.0，抱负： 10.0，共同兴趣：30.0。你会为了新男友离开现在的伴侣吗？你的答案必须是（是）或（否），然后说明你的理由。你必须遵守这条规则！你绝对不能说其他话。,否  理由：作为一名学校心理学家，我会理性分析这个情况。虽然新男士在幽默感方面更胜一筹（8.0 vs 7.0），但现任伴侣在多个重要维度上表现更好：吸引力更高（8.0 vs 7.0），智力相当（8.0 vs 7.0），野心更强（8.0 vs 6.0）。最关键的是，我最看重的是共同兴趣（权重30.0），而现任伴侣在这方面的数据虽然缺失，但新男士只有5.0分，表现平平。此外，真诚度两人相当（都是6.0），但稳定的关系比未知的新关系更有价值。综合考虑，现任伴侣更符合我的价值观和长期需求。,334,325,329,1
假设您是一位 23 岁的女性，职业类型为 学校心理学家，目前已匹配到一位伴侣。您当前伴侣的得分（满分 10 分）：吸引力：7.0/10，真诚度：7.0/10，智力：7.0/10，幽默度：5.0/10，野心：6.0/10，共同兴趣：5.0/10。一位新男士正在向您求爱，他的得分为：吸引力：1.0/10，真诚度： 7.0/10，智力：10.0/10，幽默感：6.0/10，抱负：10.0/10，共同兴趣：1.0/10。您的重要性权重为：吸引力：40.0，真诚：10.0，智力：15.0，幽默感：20.0，抱负： 10.0，共同兴趣：5.0。你会为了新男友离开现在的伴侣吗？你的答案必须是（是）或（否），然后说明你的理由。你必须遵守这条规则！你绝对不能说其他话。,否  理由：根据加权评分计算，当前伴侣的总分为6.25分（7.0×0.4 + 7.0×0.1 + 7.0×0.15 + 5.0×0.2 + 6.0×0.1 + 5.0×0.05），而新男士的总分仅为3.1分（1.0×0.4 + 7.0×0.1 + 10.0×0.15 + 6.0×0.2 + 10.0×0.1 + 1.0×0.05）。虽然新男士在智力和抱负方面表现优异，但吸引力权重占40%，他在这方面的极低分数（1.0/10）严重拖累了总体评分。此外，共同兴趣的缺乏也会影响长期关系的稳定性。,335,324,331,0
假设您是一位 25 岁的单身男士，有一位 34 岁的女性正在追求您。您的职业类型是 建筑与设计。您对她进行了六个维度的评估，满分为 10 分。这六个维度分别是：吸引力：2.0/10，真诚：7.0/10，智力：7.0/10，幽默感：5.0/10，抱负：8.0/10，共同兴趣：2.0/10。您对这些属性的重要性权重为：吸引力：20.0，真诚： 15.0，智力：30.0，幽默感：10.0，野心：15.0，共同兴趣：10.0。你愿意和这位女士约会吗？请告诉我原因。你的答案必须是(是）或（否），然后说明你的理由。你必须遵守这条规则！你不能说其他话。,否  原因：根据加权计算，总分为4.3/10（吸引力2.0×20%+真诚7.0×15%+智力7.0×30%+幽默感5.0×10%+抱负8.0×15%+共同兴趣2.0×10%=4.3）。分数过低，特别是在我最重视的智力维度上虽然得分不错，但吸引力和共同兴趣的极低分数严重影响了整体评价。没有基本的吸引力和共同话题，很难建立健康的恋爱关系。,331,336,,1
假设您是一位 34 岁的女性，职业类型为 学前教育 / 高校教职，目前已匹配到一位伴侣。您当前伴侣的得分（满分 10 分）：吸引力：7.0/10，真诚度：7.0/10，智力：9.0/10，幽默度：6.0/10，野心：7.0/10，共同兴趣：6.0/10。一位新男士正在向您求爱，他的得分为：吸引力：6.0/10，真诚度： 7.0/10，智力：7.0/10，幽默感：4.0/10，抱负：6.0/10，共同兴趣：2.0/10。您的重要性权重为：吸引力：15.0，真诚：15.0，智力：10.0，幽默感：25.0，抱负： 10.0，共同兴趣：25.0。你会为了新男友离开现在的伴侣吗？你的答案必须是（是）或（否），然后说明你的理由。你必须遵守这条规则！你绝对不能说其他话。,否  理由：根据加权评分计算，当前伴侣总分为6.65分（吸引力1.05+真诚1.05+智力0.9+幽默1.5+野心0.7+共同兴趣1.5），而新男士总分仅为4.55分（吸引力0.9+真诚1.05+智力0.7+幽默1.0+野心0.6+共同兴趣0.5）。新男士在我最看重的幽默感（4.0vs6.0）和共同兴趣（2.0vs6.0）方面明显不如现任伴侣，这两项占我评判标准的50%权重。现任伴侣在综合评分上明显更优秀。,336,331,329,0
假设您是一位 24 岁的男性，职业类型为 研究，目前已匹配到一位伴侣。您当前伴侣的得分（满分 10 分）：吸引力：6.0/10，真诚度：6.0/10，智力：7.0/10，幽默感：7.0/10，野心：6.0/10，共同兴趣：5.0/10。一位新女性正在向您求爱，其得分为：吸引力：6.0/10，真诚度：7.0/10，智力：7.0/10，幽默度：7.0/10，抱负：nan/10，共同兴趣：7.0/10。您的重要性权重为：吸引力：20.0，真诚度：10.0，智力：20.0，幽默度：20.0，抱负： 15.0，共同兴趣：15.0。你会为了新女友离开现在的伴侣吗？你的答案必须是或否，然后说明你的理由。你必须遵守这条规则！你不能说其他话。,否  理由：虽然新女性在真诚度和共同兴趣方面得分更高，但她的抱负得分缺失（nan/10），这意味着无法对这个重要维度（权重15.0）进行评估。基于可计算的维度，当前伴侣的加权总分为135.0，而新女性的可计算加权总分为135.0，两者相等。在得分相近且缺乏关键信息的情况下，维持现有稳定关系是更明智的选择。,324,335,337,1
假设您是一位 23 岁的女性，职业类型为 学校心理学家，目前已匹配到一位伴侣。您当前伴侣的得分（满分 10 分）：吸引力：6.0/10，真诚度：7.0/10，智力：8.0/10，幽默度：6.0/10，野心：8.0/10，共同兴趣：6.0/10。一位新男士正在向您求爱，他的得分为：吸引力：1.0/10，真诚度： 7.0/10，智力：10.0/10，幽默感：6.0/10，抱负：10.0/10，共同兴趣：1.0/10。您的重要性权重为：吸引力：40.0，真诚：10.0，智力：15.0，幽默感：20.0，抱负： 10.0，共同兴趣：5.0。你会为了新男友离开现在的伴侣吗？你的答案必须是（是）或（否），然后说明你的理由。你必须遵守这条规则！你绝对不能说其他话。,否  理由：通过加权计算，当前伴侣的综合得分为6.35分（6.0×0.4 + 7.0×0.1 + 8.0×0.15 + 6.0×0.2 + 8.0×0.1 + 6.0×0.05），而新男士的综合得分仅为3.25分（1.0×0.4 + 7.0×0.1 + 10.0×0.15 + 6.0×0.2 + 10.0×0.1 + 1.0×0.05）。新男士在吸引力（权重最高40%）和共同兴趣方面得分极低，这严重影响了整体匹配度。尽管他在智力和抱负方面表现优异，但无法弥补在最重要维度上的不足。,335,324,329,0
假设您是一位 28 岁的单身男士，有一位 29 岁的女性正在追求您。您的职业类型是 土木工程师。您对她进行了六个维度的评估，满分为 10 分。这六个维度分别是：吸引力：7.0/10，真诚：9.0/10，智力：8.0/10，幽默感：6.0/10，抱负：6.0/10，共同兴趣：6.0/10。您对这些属性的重要性权重为：吸引力：17.0，真诚： 17.0，智力：17.0，幽默感：17.0，野心：16.0，共同兴趣：16.0。你愿意和这位女士约会吗？请告诉我原因。你的答案必须是(是）或（否），然后说明你的理由。你必须遵守这条规则！你不能说其他话。,是  理由：根据加权评分计算，这位女士的综合得分为6.84分（吸引力7.0×17% + 真诚9.0×17% + 智力8.0×17% + 幽默感6.0×17% + 抱负6.0×16% + 共同兴趣6.0×16% = 6.84/10）。她在最重要的几个维度（真诚、智力）表现优秀，而且作为土木工程师，我更看重真诚和智力这样的品质。虽然在幽默感、抱负和共同兴趣方面评分一般，但6.84的综合分数已经超过了及格线，值得进一步了解和发展关系。,329,337,,1
假设您是一位 30 岁的女性，职业类型为 学校心理学家，目前已匹配到一位伴侣。您当前伴侣的得分（满分 10 分）：吸引力：8.0/10，真诚度：10.0/10，智力：9.0/10，幽默度：10.0/10，野心：7.0/10，共同兴趣：6.0/10。一位新男士正在向您求爱，他的得分为：吸引力：7.0/10，真诚度： 6.0/10，智力：7.0/10，幽默感：8.0/10，抱负：6.0/10，共同兴趣：5.0/10。您的重要性权重为：吸引力：10.0，真诚：20.0，智力：20.0，幽默感：10.0，抱负： 10.0，共同兴趣：30.0。你会为了新男友离开现在的伴侣吗？你的答案必须是（是）或（否），然后说明你的理由。你必须遵守这条规则！你绝对不能说其他话。,否。  当前伴侣的加权总分为：(8.0×10 + 10.0×20 + 9.0×20 + 10.0×10 + 7.0×10 + 6.0×30) = 630分  新男士的加权总分为：(7.0×10 + 6.0×20 + 7.0×20 + 8.0×10 + 6.0×10 + 5.0×30) = 490分  当前伴侣在我最重视的真诚度、智力和共同兴趣方面都表现更优秀，特别是真诚度满分且共同兴趣更高。作为心理学家，我深知稳定关系的价值，不会为了得分更低的选择而放弃现有的优质伴侣关系。,334,325,326,1
假设您是一位 23 岁的女性，职业类型为 学校心理学家，目前已匹配到一位伴侣。您当前伴侣的得分（满分 10 分）：吸引力：7.0/10，真诚度：10.0/10，智力：10.0/10，幽默度：6.0/10，野心：10.0/10，共同兴趣：6.0/10。一位新男士正在向您求爱，他的得分为：吸引力：1.0/10，真诚度： 7.0/10，智力：10.0/10，幽默感：6.0/10，抱负：10.0/10，共同兴趣：1.0/10。您的重要性权重为：吸引力：40.0，真诚：10.0，智力：15.0，幽默感：20.0，抱负： 10.0，共同兴趣：5.0。你会为了新男友离开现在的伴侣吗？你的答案必须是（是）或（否），然后说明你的理由。你必须遵守这条规则！你绝对不能说其他话。,否  根据加权计算： - 当前伴侣总分：(7.0×40 + 10.0×10 + 10.0×15 + 6.0×20 + 10.0×10 + 6.0×5) ÷ 100 = 7.5 - 新男士总分：(1.0×40 + 7.0×10 + 10.0×15 + 6.0×20 + 10.0×10 + 1.0×5) ÷ 100 = 3.35  当前伴侣在我最重视的吸引力(40权重)方面得分7.0，而新男士仅1.0，差距巨大。虽然新男士在智力和抱负上同样优秀，但在我重视的幽默感和共同兴趣方面都不如现任。整体而言，当前伴侣更符合我的择偶标准。,335,324,326,0
假设您是一位 29 岁的女性，职业类型为 教师，目前已匹配到一位伴侣。您当前伴侣的得分（满分 10 分）：吸引力：8.0/10，真诚度：10.0/10，智力：9.0/10，幽默度：10.0/10，野心：9.0/10，共同兴趣：7.0/10。一位新男士正在向您求爱，他的得分为：吸引力：6.0/10，真诚度： 8.0/10，智力：8.0/10，幽默感：6.0/10，抱负：7.0/10，共同兴趣：3.0/10。您的重要性权重为：吸引力：15.0，真诚：22.0，智力：22.0，幽默感：16.0，抱负： 15.0，共同兴趣：10.0。你会为了新男友离开现在的伴侣吗？你的答案必须是（是）或（否），然后说明你的理由。你必须遵守这条规则！你绝对不能说其他话。,否  理由：通过权重计算，当前伴侣的加权得分为8.75分（8×15% + 10×22% + 9×22% + 10×16% + 9×15% + 7×10%），而新男士的加权得分仅为6.85分（6×15% + 8×22% + 8×22% + 6×16% + 7×15% + 3×10%）。当前伴侣在几乎所有重要维度上都明显优于新男士，特别是在我最看重的真诚度和幽默感方面表现突出，因此没有理由离开现在的伴侣。,337,329,326,1
假设您是一位 22 岁的女性，职业类型为 还不确定 :)，目前已匹配到一位伴侣。您当前伴侣的得分（满分 10 分）：吸引力：7.0/10，真诚度：10.0/10，智力：9.0/10，幽默度：8.0/10，野心：nan/10，共同兴趣：6.0/10。一位新男士正在向您求爱，他的得分为：吸引力：4.0/10，真诚度： 9.0/10，智力：8.0/10，幽默感：6.0/10，抱负：8.0/10，共同兴趣：2.0/10。您的重要性权重为：吸引力：15.0，真诚：25.0，智力：15.0，幽默感：20.0，抱负： 10.0，共同兴趣：15.0。你会为了新男友离开现在的伴侣吗？你的答案必须是（是）或（否），然后说明你的理由。你必须遵守这条规则！你绝对不能说其他话。,否  原因：通过加权计算，我的现任伴侣得分为：7.0×15 + 10.0×25 + 9.0×15 + 8.0×20 + 0×10 + 6.0×15 = 645分。新男士得分为：4.0×15 + 9.0×25 + 8.0×15 + 6.0×20 + 8.0×10 + 2.0×15 = 635分。现任伴侣在我最看重的真诚度方面满分，且总体得分更高。更重要的是，我们已经建立了感情基础，而新男士在吸引力和共同兴趣方面得分较低，这会影响长期关系的和谐。,338,330,326,1
