假设您是一位 25 岁的单身男士，有一位 32 岁的女性正在追求您。您的职业类型是 电影行业。您对她进行了六个维度的评估，满分为 10 分。这六个维度分别是：吸引力：7.0/10，真诚：10.0/10，智力：8.0/10，幽默感：8.0/10，抱负：6.0/10，共同兴趣：7.0/10。您对这些属性的重要性权重为：吸引力：15.0，真诚： 10.0，智力：30.0，幽默感：10.0，野心：5.0，共同兴趣：30.0。你愿意和这位女士约会吗？请告诉我原因。你的答案必须是(是）或（否），然后说明你的理由。你必须遵守这条规则！你不能说其他话。,是。根据我对各个维度的评分和重要性权重计算得出的总分，这位女士在智力和共同兴趣方面得分较高，这两个维度对我来说非常重要。此外，她在吸引力、真诚和幽默感方面的表现也不错。虽然她的抱负得分相对较低，但这个维度在我心中的权重较小。因此，我愿意与她约会。,84,109,,1
假设您是一位 27 岁的单身男士，有一位 30 岁的女性正在追求您。您的职业类型是 产业或学术研究。您对她进行了六个维度的评估，满分为 10 分。这六个维度分别是：吸引力：6.0/10，真诚：8.0/10，智力：6.0/10，幽默感：6.0/10，抱负：5.0/10，共同兴趣：5.0/10。您对这些属性的重要性权重为：吸引力：20.0，真诚： 15.0，智力：25.0，幽默感：15.0，野心：20.0，共同兴趣：5.0。你愿意和这位女士约会吗？请告诉我原因。你的答案必须是(是）或（否），然后说明你的理由。你必须遵守这条规则！你不能说其他话。,否。根据我对各个维度的评分和重要性权重计算得出的总分较低，没有达到我认为可以考虑约会的标准。具体来说，吸引力、智力、幽默感和抱负的得分都处于中等水平，而这些维度在我选择伴侣时占有较高的权重。虽然她在真诚方面表现很好，但仅凭这一点还不足以弥补其他方面的不足。因此，我暂时不愿意与她约会。,85,104,,0
假设你是一位 27 岁的单身男士，有一位 25 岁的女性正在追求你。你的职业类型是 产业科学家。你从六个维度对她进行了评估，满分为 10 分。这六个维度分别是：吸引力：8.0/10，真诚：8.0/10，智力：9.0/10，幽默感：9.0/10，抱负：8.0/10，共同兴趣：8.0/10。这些属性的重要性权重如下：吸引力：10.0，真诚：20.0，智力：20.0，幽默感：10.0，抱负：20.0，共同兴趣：20.0。你愿意和这位女士约会吗？请告诉我原因。你的答案必须是（是）或（否），然后说明你的原因。你必须遵守这条规则！你不能说其他话。,是。根据你提供的评分和权重，这位女士在你认为重要的各个维度上都表现得非常出色。她的加权平均分很高，表明她与你在多个方面都非常匹配。因此，与她约会是一个不错的选择。,105,80,,1
假设您是一位 28 岁的单身男士，有一位 29 岁的女性正在追求您。您的职业类型是 律师。您对她进行了六个维度的评估，满分为 10 分。这六个维度分别是：吸引力：6.0/10，真诚：7.0/10，智力：8.0/10，幽默感：5.0/10，抱负：7.0/10，共同兴趣：7.0/10。您对这些属性的重要性权重为：吸引力：30.0，真诚： 30.0，智力：20.0，幽默感：10.0，野心：10.0，共同兴趣：0.0。你愿意和这位女士约会吗？请告诉我原因。你的答案必须是(是）或（否），然后说明你的理由。你必须遵守这条规则！你不能说其他话。,是。根据我对各个维度的评分和重要性权重计算得出的总分，这位女士的综合评分为 6.8/10。虽然幽默感稍低，但她的智力、真诚和抱负都达到了较高的分数，这对我来说非常重要。因此，我愿意与她约会。,92,99,,1
假设您是一位 25 岁的男性，职业类型为 法律，目前已匹配到一位伴侣。您当前伴侣的得分（满分 10 分）：吸引力：10.0/10，真诚度：9.0/10，智力：8.0/10，幽默感：7.0/10，野心：7.0/10，共同兴趣：10.0/10。一位新女性正在向您求爱，其得分为：吸引力：6.0/10，真诚度：9.0/10，智力：9.0/10，幽默度：6.0/10，抱负：5.0/10，共同兴趣：7.0/10。您的重要性权重为：吸引力：30.0，真诚度：15.0，智力：20.0，幽默度：20.0，抱负： 0.0，共同兴趣：5.0。你会为了新女友离开现在的伴侣吗？你的答案必须是或否，然后说明你的理由。你必须遵守这条规则！你不能说其他话。,否。根据您提供的评分和权重，当前伴侣在吸引力、真诚度、智力、幽默感、野心和共同兴趣方面的综合得分明显高于新女性。特别是吸引力和共同兴趣方面，当前伴侣的得分都是满分，这对建立稳定和谐的关系非常重要。因此，没有足够的理由为了新女性而离开现在的伴侣。,80,105,102,1
假设您是一位 29 岁的女性，职业类型为 小额金融项目经理，目前已匹配到一位伴侣。您当前伴侣的得分（满分 10 分）：吸引力：9.0/10，真诚度：9.0/10，智力：9.0/10，幽默度：9.0/10，野心：9.0/10，共同兴趣：9.0/10。一位新男士正在向您求爱，他的得分为：吸引力：10.0/10，真诚度： 10.0/10，智力：9.0/10，幽默感：10.0/10，抱负：9.0/10，共同兴趣：9.0/10。您的重要性权重为：吸引力：10.0，真诚：20.0，智力：20.0，幽默感：20.0，抱负： 20.0，共同兴趣：10.0。你会为了新男友离开现在的伴侣吗？你的答案必须是（是）或（否），然后说明你的理由。你必须遵守这条规则！你绝对不能说其他话。,是。根据您提供的评分和重要性权重，新男士在您最看重的特质上（真诚度、幽默感）都得到了满分，而您当前伴侣在这两个方面都是9分。虽然两者在其他方面的得分相同，但新男士在总体评价上更符合您的偏好，因此选择新男士可能是更好的决定。,99,92,89,1
假设您是一位 26 岁的单身男士，有一位 30 岁的女性正在追求您。您的职业类型是 商业 / 投资管理。您对她进行了六个维度的评估，满分为 10 分。这六个维度分别是：吸引力：5.0/10，真诚：7.0/10，智力：6.0/10，幽默感：6.0/10，抱负：5.0/10，共同兴趣：6.0/10。您对这些属性的重要性权重为：吸引力：18.0，真诚： 18.0，智力：18.0，幽默感：19.0，野心：13.0，共同兴趣：14.0。你愿意和这位女士约会吗？请告诉我原因。你的答案必须是(是）或（否），然后说明你的理由。你必须遵守这条规则！你不能说其他话。,否。根据你提供的评分和权重，这位女士在你最看重的几个方面（如吸引力、智力、抱负）得分较低，虽然她在真诚和幽默感方面表现较好，但综合考虑后，她的总分可能不足以让你产生强烈的约会意愿。,85,95,,0
假设您是一位 21 岁的单身男士，有一位 22 岁的女性正在追求您。您的职业类型是 教师 / 教授。您对她进行了六个维度的评估，满分为 10 分。这六个维度分别是：吸引力：6.0/10，真诚：8.0/10，智力：8.0/10，幽默感：8.0/10，抱负：9.0/10，共同兴趣：7.0/10。您对这些属性的重要性权重为：吸引力：19.0，真诚： 24.0，智力：21.0，幽默感：23.0，野心：5.0，共同兴趣：8.0。你愿意和这位女士约会吗？请告诉我原因。你的答案必须是(是）或（否），然后说明你的理由。你必须遵守这条规则！你不能说其他话。,是。根据我对各个维度的评分和重要性权重计算得出的总分，这位女士在大多数重要的方面都符合我的标准，尤其是真诚、智力和幽默感方面得分较高，这些都是我非常看重的品质。虽然她在吸引力方面的得分相对较低，但并不是我最重视的因素。因此，我愿意与她约会。,77,107,,1
假设你是一位 26 岁的单身男士，有一位 26 岁的女性正在追求你。你的职业类型是 运筹学。你从六个维度对她进行了评估，满分为 10 分。这六个维度分别是：吸引力：7.0/10，真诚：7.0/10，智力：7.0/10，幽默感：5.0/10，抱负：5.0/10，共同兴趣：5.0/10。这些属性的重要性权重如下：吸引力：10.0，真诚：20.0，智力：15.0，幽默感：20.0，抱负：20.0，共同兴趣：15.0。你愿意和这位女士约会吗？请告诉我原因。你的答案必须是（是）或（否），然后说明你的原因。你必须遵守这条规则！你不能说其他话。,否。根据你提供的评分和权重，这位女士在你认为重要的几个方面（如真诚、幽默感、抱负）得分不高，这可能意味着你们之间存在一些不匹配的地方。虽然她的吸引力和智力得分较高，但综合考虑所有因素后，你们可能不是最合适的伴侣。,96,79,,1
假设您是一位 27 岁的女性，职业类型为 产业科学家，目前已匹配到一位伴侣。您当前伴侣的得分（满分 10 分）：吸引力：6.0/10，真诚度：9.0/10，智力：10.0/10，幽默度：10.0/10，野心：10.0/10，共同兴趣：8.0/10。一位新男士正在向您求爱，他的得分为：吸引力：8.0/10，真诚度： 8.0/10，智力：9.0/10，幽默感：9.0/10，抱负：8.0/10，共同兴趣：8.0/10。您的重要性权重为：吸引力：10.0，真诚：20.0，智力：20.0，幽默感：10.0，抱负： 20.0，共同兴趣：20.0。你会为了新男友离开现在的伴侣吗？你的答案必须是（是）或（否），然后说明你的理由。你必须遵守这条规则！你绝对不能说其他话。,否。根据您提供的评分和权重，当前伴侣在真诚度、智力、幽默度和野心方面的得分较高，这些特质对您来说非常重要。虽然新男士在吸引力方面得分更高，但综合考虑所有因素，您的现有伴侣的总分更高，因此我建议您不为了新男友离开现在的伴侣。,105,80,88,0
假设您是一位 30 岁的单身男士，有一位 23 岁的女性正在追求您。您的职业类型是 教授。您对她进行了六个维度的评估，满分为 10 分。这六个维度分别是：吸引力：6.0/10，真诚：8.0/10，智力：8.0/10，幽默感：8.0/10，抱负：6.0/10，共同兴趣：4.0/10。您对这些属性的重要性权重为：吸引力：20.0，真诚： 25.0，智力：25.0，幽默感：15.0，野心：5.0，共同兴趣：10.0。你愿意和这位女士约会吗？请告诉我原因。你的答案必须是(是）或（否），然后说明你的理由。你必须遵守这条规则！你不能说其他话。,是。根据我对各个维度的评分和重要性权重计算得出的总分，这位女士在吸引力、真诚、智力和幽默感方面得分较高，这些是我认为比较重要的品质。虽然我们在共同兴趣方面的得分较低，但这并不是我最看重的因素。因此，我愿意与她约会，进一步了解她。,87,100,,1
假设你是一位 29 岁的单身男士，有一位 28 岁的女性正在追求你。你的职业类型是 教育行政管理。你从六个维度对她进行了评估，满分为 10 分。这六个维度分别是：吸引力：6.0/10，真诚：6.0/10，智力：7.0/10，幽默感：7.0/10，抱负：8.0/10，共同兴趣：6.0/10。这些属性的重要性权重如下：吸引力：14.0，真诚：20.0，智力：18.0，幽默感：24.0，抱负：18.0，共同兴趣：6.0。你愿意和这位女士约会吗？请告诉我原因。你的答案必须是（是）或（否），然后说明你的原因。你必须遵守这条规则！你不能说其他话。,是。根据你提供的评分和权重，这位女士在你重视的多个方面都表现良好，尤其是抱负和幽默感方面得分较高，这表明她是一个有目标、乐观的人，这些品质对于建立一段长期关系非常重要。虽然她在吸引力和共同兴趣方面的得分较低，但这些因素在你整体评价中的权重相对较小。因此，综合考虑，与她约会可能会是一次积极的经历。,94,93,,1
假设您是一位 26 岁的女性，职业类型为 运筹学，目前已匹配到一位伴侣。您当前伴侣的得分（满分 10 分）：吸引力：5.0/10，真诚度：5.0/10，智力：6.0/10，幽默度：6.0/10，野心：6.0/10，共同兴趣：2.0/10。一位新男士正在向您求爱，他的得分为：吸引力：7.0/10，真诚度： 7.0/10，智力：7.0/10，幽默感：5.0/10，抱负：5.0/10，共同兴趣：5.0/10。您的重要性权重为：吸引力：10.0，真诚：20.0，智力：15.0，幽默感：20.0，抱负： 20.0，共同兴趣：15.0。你会为了新男友离开现在的伴侣吗？你的答案必须是（是）或（否），然后说明你的理由。你必须遵守这条规则！你绝对不能说其他话。,是。根据您提供的评分和权重，新男士在吸引力、真诚度、智力和共同兴趣方面都优于您当前的伴侣，尽管他在幽默感和抱负方面的得分稍低，但总体来说，新男士的综合得分更高，更符合您的偏好。,96,79,85,1
假设您是一位 29 岁的女性，职业类型为 教育行政管理，目前已匹配到一位伴侣。您当前伴侣的得分（满分 10 分）：吸引力：2.0/10，真诚度：10.0/10，智力：10.0/10，幽默度：8.0/10，野心：10.0/10，共同兴趣：6.0/10。一位新男士正在向您求爱，他的得分为：吸引力：6.0/10，真诚度： 6.0/10，智力：7.0/10，幽默感：7.0/10，抱负：8.0/10，共同兴趣：6.0/10。您的重要性权重为：吸引力：14.0，真诚：20.0，智力：18.0，幽默感：24.0，抱负： 18.0，共同兴趣：6.0。你会为了新男友离开现在的伴侣吗？你的答案必须是（是）或（否），然后说明你的理由。你必须遵守这条规则！你绝对不能说其他话。,否。根据您提供的评分和权重，计算后发现当前伴侣的加权得分高于新男士。当前伴侣在真诚度、智力、幽默度和野心方面得分很高，这些特质对您来说非常重要。虽然新男士在吸引力方面得分更高，但考虑到其他因素，总体来看，您与现有伴侣更匹配。因此，不建议为了新男士而离开现有的伴侣。,94,93,81,0
假设你是一位 27 岁的单身男士，有一位 27 岁的女性正在追求你。你的职业类型是 学者。你从六个维度对她进行了评估，满分为 10 分。这六个维度分别是：吸引力：7.0/10，真诚：10.0/10，智力：10.0/10，幽默感：9.0/10，抱负：9.0/10，共同兴趣：6.0/10。这些属性的重要性权重如下：吸引力：25.0，真诚：15.0，智力：20.0，幽默感：20.0，抱负：20.0，共同兴趣：0.0。你愿意和这位女士约会吗？请告诉我原因。你的答案必须是（是）或（否），然后说明你的原因。你必须遵守这条规则！你不能说其他话。,是。根据你提供的评分和权重，这位女士在你认为重要的方面表现非常出色，尤其是在真诚、智力、幽默感和抱负方面，这些加权后的得分都很高。虽然共同兴趣的分数较低，但在这个计算中没有被赋予任何权重，因此不会影响整体评价。基于这些因素，与她约会看起来是一个不错的选择。,111,89,,1
假设您是一位 29 岁的女性，职业类型为 教育行政管理，目前已匹配到一位伴侣。您当前伴侣的得分（满分 10 分）：吸引力：5.0/10，真诚度：7.0/10，智力：8.0/10，幽默度：9.0/10，野心：5.0/10，共同兴趣：nan/10。一位新男士正在向您求爱，他的得分为：吸引力：6.0/10，真诚度： 6.0/10，智力：7.0/10，幽默感：7.0/10，抱负：8.0/10，共同兴趣：6.0/10。您的重要性权重为：吸引力：14.0，真诚：20.0，智力：18.0，幽默感：24.0，抱负： 18.0，共同兴趣：6.0。你会为了新男友离开现在的伴侣吗？你的答案必须是（是）或（否），然后说明你的理由。你必须遵守这条规则！你绝对不能说其他话。,否。根据您提供的评分和权重，计算后发现当前伴侣的加权得分（362）略高于新男士的加权得分（354）。虽然新男士在某些方面表现更好，但总体来看，您与现有伴侣的匹配度更高。因此，不建议为了新男士而离开现有的伴侣。,94,93,86,0
假设您是一位 27 岁的女性，职业类型为 产业科学家，目前已匹配到一位伴侣。您当前伴侣的得分（满分 10 分）：吸引力：7.0/10，真诚度：10.0/10，智力：10.0/10，幽默度：10.0/10，野心：10.0/10，共同兴趣：10.0/10。一位新男士正在向您求爱，他的得分为：吸引力：8.0/10，真诚度： 8.0/10，智力：9.0/10，幽默感：9.0/10，抱负：8.0/10，共同兴趣：8.0/10。您的重要性权重为：吸引力：10.0，真诚：20.0，智力：20.0，幽默感：10.0，抱负： 20.0，共同兴趣：20.0。你会为了新男友离开现在的伴侣吗？你的答案必须是（是）或（否），然后说明你的理由。你必须遵守这条规则！你绝对不能说其他话。,否。根据您提供的评分和权重，当前伴侣在真诚度、智力、幽默度、野心和共同兴趣方面都得到了满分，这表明他在您认为重要的方面表现非常出色。虽然新男士在吸引力方面得分更高，但综合考虑所有因素，当前伴侣的总分更高，因此没有理由为了新男士而离开现在的伴侣。,105,80,91,0
假设您是一位 21 岁的男性，职业类型为 教师 / 教授，目前已匹配到一位伴侣。您当前伴侣的得分（满分 10 分）：吸引力：6.0/10，真诚度：9.0/10，智力：9.0/10，幽默感：9.0/10，野心：6.0/10，共同兴趣：6.0/10。一位新女性正在向您求爱，其得分为：吸引力：6.0/10，真诚度：8.0/10，智力：8.0/10，幽默度：8.0/10，抱负：9.0/10，共同兴趣：7.0/10。您的重要性权重为：吸引力：19.0，真诚度：24.0，智力：21.0，幽默度：23.0，抱负： 5.0，共同兴趣：8.0。你会为了新女友离开现在的伴侣吗？你的答案必须是或否，然后说明你的理由。你必须遵守这条规则！你不能说其他话。,否。根据您提供的评分和权重，当前伴侣在真诚度、智力和幽默感上的得分较高，这些特质对您来说非常重要。虽然新女性在抱负和共同兴趣方面得分略高，但总体来看，当前伴侣更符合您的价值观和偏好。因此，我建议您不要为了新女性而离开现在的伴侣。,77,107,97,0
假设您是一位 27 岁的女性，职业类型为 产业科学家，目前已匹配到一位伴侣。您当前伴侣的得分（满分 10 分）：吸引力：9.0/10，真诚度：9.0/10，智力：9.0/10，幽默度：8.0/10，野心：2.0/10，共同兴趣：7.0/10。一位新男士正在向您求爱，他的得分为：吸引力：8.0/10，真诚度： 8.0/10，智力：9.0/10，幽默感：9.0/10，抱负：8.0/10，共同兴趣：8.0/10。您的重要性权重为：吸引力：10.0，真诚：20.0，智力：20.0，幽默感：10.0，抱负： 20.0，共同兴趣：20.0。你会为了新男友离开现在的伴侣吗？你的答案必须是（是）或（否），然后说明你的理由。你必须遵守这条规则！你绝对不能说其他话。,否。根据您提供的评分和权重，当前伴侣在吸引力、真诚度、智力方面得分较高，而这些因素在您的重要性权重中占据了较大的比例。虽然新男士在幽默感和抱负方面表现更好，但综合考虑各项指标，当前伴侣的整体得分仍然更高。因此，我建议您继续与现有伴侣保持关系。,105,80,81,0
假设您是一位 29 岁的女性，职业类型为 教育行政管理，目前已匹配到一位伴侣。您当前伴侣的得分（满分 10 分）：吸引力：4.0/10，真诚度：6.0/10，智力：7.0/10，幽默度：6.0/10，野心：9.0/10，共同兴趣：8.0/10。一位新男士正在向您求爱，他的得分为：吸引力：6.0/10，真诚度： 6.0/10，智力：7.0/10，幽默感：7.0/10，抱负：8.0/10，共同兴趣：6.0/10。您的重要性权重为：吸引力：14.0，真诚：20.0，智力：18.0，幽默感：24.0，抱负： 18.0，共同兴趣：6.0。你会为了新男友离开现在的伴侣吗？你的答案必须是（是）或（否），然后说明你的理由。你必须遵守这条规则！你绝对不能说其他话。,否。根据您提供的评分和权重，计算后发现当前伴侣的加权得分为 5.88，而新男士的加权得分为 5.76。虽然新男士在某些方面表现更好，但总体来看，您的现有伴侣更符合您的偏好。因此，不建议为了新男士离开现有的伴侣。,94,93,83,0
假设你是一位 23 岁的单身男士，有一位 27 岁的女性正在追求你。你的职业类型是 不知道。你从六个维度对她进行了评估，满分为 10 分。这六个维度分别是：吸引力：10.0/10，真诚：10.0/10，智力：10.0/10，幽默感：10.0/10，抱负：10.0/10，共同兴趣：7.0/10。这些属性的重要性权重如下：吸引力：15.0，真诚：21.0，智力：18.0，幽默感：18.0，抱负：10.0，共同兴趣：18.0。你愿意和这位女士约会吗？请告诉我原因。你的答案必须是（是）或（否），然后说明你的原因。你必须遵守这条规则！你不能说其他话。,是。因为根据你提供的评分和权重，这位女士在你认为重要的大多数方面都得到了满分，包括吸引力、真诚、智力、幽默感和抱负。虽然你们在共同兴趣方面的得分较低，但这个分数仍然在可接受范围内，并且其他方面的高分可以弥补这一点。因此，与她约会可能会是一次愉快的经历。,104,90,,1
假设您是一位 29 岁的女性，职业类型为 教育行政管理，目前已匹配到一位伴侣。您当前伴侣的得分（满分 10 分）：吸引力：5.0/10，真诚度：7.0/10，智力：7.0/10，幽默度：7.0/10，野心：8.0/10，共同兴趣：nan/10。一位新男士正在向您求爱，他的得分为：吸引力：6.0/10，真诚度： 6.0/10，智力：7.0/10，幽默感：7.0/10，抱负：8.0/10，共同兴趣：6.0/10。您的重要性权重为：吸引力：14.0，真诚：20.0，智力：18.0，幽默感：24.0，抱负： 18.0，共同兴趣：6.0。你会为了新男友离开现在的伴侣吗？你的答案必须是（是）或（否），然后说明你的理由。你必须遵守这条规则！你绝对不能说其他话。,否。根据您提供的评分和权重，计算后发现当前伴侣的加权得分为 634，而新男士的加权得分为 624。虽然新男士在吸引力和共同兴趣方面略胜一筹，但总体来看，当前伴侣的综合表现更符合您的偏好。因此，不建议为了新男士离开现有的伴侣。,94,93,91,0
假设您是一位 26 岁的单身男士，有一位 25 岁的女性正在追求您。您的职业类型是 商业 / 投资管理。您对她进行了六个维度的评估，满分为 10 分。这六个维度分别是：吸引力：7.0/10，真诚：7.0/10，智力：8.0/10，幽默感：7.0/10，抱负：8.0/10，共同兴趣：7.0/10。您对这些属性的重要性权重为：吸引力：18.0，真诚： 18.0，智力：18.0，幽默感：19.0，野心：13.0，共同兴趣：14.0。你愿意和这位女士约会吗？请告诉我原因。你的答案必须是(是）或（否），然后说明你的理由。你必须遵守这条规则！你不能说其他话。,是。根据我对各个维度的评分和重要性权重，这位女士在大多数方面都符合我的期望。她的智力和抱负得分较高，这对我来说非常重要。虽然她在吸引力、真诚、幽默感和共同兴趣方面的得分略低，但仍然达到了及格线。因此，我愿意与她约会，进一步了解她。,91,95,,1
假设您是一位 32 岁的女性，职业类型为 制药业，目前已匹配到一位伴侣。您当前伴侣的得分（满分 10 分）：吸引力：5.0/10，真诚度：10.0/10，智力：10.0/10，幽默度：10.0/10，野心：10.0/10，共同兴趣：10.0/10。一位新男士正在向您求爱，他的得分为：吸引力：5.0/10，真诚度： 5.0/10，智力：9.0/10，幽默感：6.0/10，抱负：5.0/10，共同兴趣：5.0/10。您的重要性权重为：吸引力：30.0，真诚：30.0，智力：30.0，幽默感：5.0，抱负： 0.0，共同兴趣：5.0。你会为了新男友离开现在的伴侣吗？你的答案必须是（是）或（否），然后说明你的理由。你必须遵守这条规则！你绝对不能说其他话。,否。根据您提供的评分和权重，目前的伴侣在真诚度、智力、幽默度、野心和共同兴趣方面都得到了满分，这与您的重要性权重非常匹配。而新男士在这些方面的得分较低，尤其是真诚度和共同兴趣方面，这对您来说是非常重要的。因此，没有足够的理由为了新男士离开现在的伴侣。,109,84,88,1
假设您是一位 21 岁的男性，职业类型为 教师 / 教授，目前已匹配到一位伴侣。您当前伴侣的得分（满分 10 分）：吸引力：6.0/10，真诚度：7.0/10，智力：7.0/10，幽默感：7.0/10，野心：7.0/10，共同兴趣：5.0/10。一位新女性正在向您求爱，其得分为：吸引力：6.0/10，真诚度：8.0/10，智力：8.0/10，幽默度：8.0/10，抱负：9.0/10，共同兴趣：7.0/10。您的重要性权重为：吸引力：19.0，真诚度：24.0，智力：21.0，幽默度：23.0，抱负： 5.0，共同兴趣：8.0。你会为了新女友离开现在的伴侣吗？你的答案必须是或否，然后说明你的理由。你必须遵守这条规则！你不能说其他话。,否。虽然新女性在某些方面得分更高，但根据您提供的权重，当前伴侣的总加权分数为 147.3，而新女性的总加权分数为 147.4。两者之间的差距非常小，并不足以成为离开现有伴侣的理由。此外，在一段关系中，信任和时间积累的情感价值也是重要的因素。,77,107,103,1
假设您是一位 21 岁的男性，职业类型为 教师 / 教授，目前已匹配到一位伴侣。您当前伴侣的得分（满分 10 分）：吸引力：6.0/10，真诚度：7.0/10，智力：8.0/10，幽默感：6.0/10，野心：9.0/10，共同兴趣：8.0/10。一位新女性正在向您求爱，其得分为：吸引力：6.0/10，真诚度：8.0/10，智力：8.0/10，幽默度：8.0/10，抱负：9.0/10，共同兴趣：7.0/10。您的重要性权重为：吸引力：19.0，真诚度：24.0，智力：21.0，幽默度：23.0，抱负： 5.0，共同兴趣：8.0。你会为了新女友离开现在的伴侣吗？你的答案必须是或否，然后说明你的理由。你必须遵守这条规则！你不能说其他话。,否。根据您提供的评分和权重，我计算了两位伴侣的加权总分。当前伴侣的加权总分为 172.2，而新女性的加权总分为 171.2。虽然两者非常接近，但当前伴侣的分数略高，因此没有足够的理由为了新女性离开现在的伴侣。,77,107,110,0
假设您是一位 29 岁的女性，职业类型为 小额金融项目经理，目前已匹配到一位伴侣。您当前伴侣的得分（满分 10 分）：吸引力：8.0/10，真诚度：8.0/10，智力：10.0/10，幽默度：10.0/10，野心：10.0/10，共同兴趣：10.0/10。一位新男士正在向您求爱，他的得分为：吸引力：10.0/10，真诚度： 10.0/10，智力：9.0/10，幽默感：10.0/10，抱负：9.0/10，共同兴趣：9.0/10。您的重要性权重为：吸引力：10.0，真诚：20.0，智力：20.0，幽默感：20.0，抱负： 20.0，共同兴趣：10.0。你会为了新男友离开现在的伴侣吗？你的答案必须是（是）或（否），然后说明你的理由。你必须遵守这条规则！你绝对不能说其他话。,否。虽然新男士在某些方面得分更高，但根据您提供的权重，当前伴侣在真诚度和共同兴趣上的得分也非常重要。综合考虑所有因素，当前伴侣的总分（340）略高于新男士（330）。因此，我建议您保持现有的关系。,99,92,82,0
假设您是一位 25 岁的女性，职业类型为 律师，目前已匹配到一位伴侣。您当前伴侣的得分（满分 10 分）：吸引力：5.0/10，真诚度：6.0/10，智力：8.0/10，幽默度：7.0/10，野心：8.0/10，共同兴趣：8.0/10。一位新男士正在向您求爱，他的得分为：吸引力：5.0/10，真诚度： 6.0/10，智力：6.0/10，幽默感：6.0/10，抱负：7.0/10，共同兴趣：nan/10。您的重要性权重为：吸引力：15.0，真诚：3.0，智力：50.0，幽默感：20.0，抱负： 2.0，共同兴趣：10.0。你会为了新男友离开现在的伴侣吗？你的答案必须是（是）或（否），然后说明你的理由。你必须遵守这条规则！你绝对不能说其他话。,否。根据您提供的评分和权重，目前伴侣在智力、幽默感和共同兴趣方面得分较高，这些因素对您来说非常重要。相比之下，新男士在这些方面的得分较低，因此与您当前伴侣相比，他并不是更好的选择。,95,91,83,1
假设您是一位 23 岁的女性，职业类型为 社会工作者，目前已匹配到一位伴侣。您当前伴侣的得分（满分 10 分）：吸引力：5.0/10，真诚度：10.0/10，智力：10.0/10，幽默度：9.0/10，野心：10.0/10，共同兴趣：8.0/10。一位新男士正在向您求爱，他的得分为：吸引力：3.0/10，真诚度： 10.0/10，智力：9.0/10，幽默感：5.0/10，抱负：9.0/10，共同兴趣：5.0/10。您的重要性权重为：吸引力：15.0，真诚：15.0，智力：20.0，幽默感：15.0，抱负： 15.0，共同兴趣：20.0。你会为了新男友离开现在的伴侣吗？你的答案必须是（是）或（否），然后说明你的理由。你必须遵守这条规则！你绝对不能说其他话。,否。根据您提供的评分和权重，目前伴侣的加权得分为：(5*15 + 10*15 + 10*20 + 9*15 + 10*15 + 8*20) / 100 = 8.65分；而新男士的加权得分为：(3*15 + 10*15 + 9*20 + 5*15 + 9*15 + 5*20) / 100 = 7.45分。因此，您当前的伴侣在整体上更符合您的偏好，所以不应该为了新男士离开现在的伴侣。,100,87,82,0
假设您是一位 27 岁的女性，职业类型为 产业科学家，目前已匹配到一位伴侣。您当前伴侣的得分（满分 10 分）：吸引力：7.0/10，真诚度：9.0/10，智力：9.0/10，幽默度：10.0/10，野心：9.0/10，共同兴趣：8.0/10。一位新男士正在向您求爱，他的得分为：吸引力：8.0/10，真诚度： 8.0/10，智力：9.0/10，幽默感：9.0/10，抱负：8.0/10，共同兴趣：8.0/10。您的重要性权重为：吸引力：10.0，真诚：20.0，智力：20.0，幽默感：10.0，抱负： 20.0，共同兴趣：20.0。你会为了新男友离开现在的伴侣吗？你的答案必须是（是）或（否），然后说明你的理由。你必须遵守这条规则！你绝对不能说其他话。,否。根据您提供的评分和权重，当前伴侣的加权得分为：(7*10 + 9*20 + 9*20 + 10*10 + 9*20 + 8*20) / (10+20+20+10+20+20) = 8.6分；而新男士的加权得分为：(8*10 + 8*20 + 9*20 + 9*10 + 8*20 + 8*20) / (10+20+20+10+20+20) = 8.3分。因此，当前伴侣的综合得分更高，所以不会为了新男士离开现在的伴侣。,105,80,82,0
假设您是一位 26 岁的男性，职业类型为 商业 / 投资管理，目前已匹配到一位伴侣。您当前伴侣的得分（满分 10 分）：吸引力：10.0/10，真诚度：10.0/10，智力：10.0/10，幽默感：10.0/10，野心：10.0/10，共同兴趣：10.0/10。一位新女性正在向您求爱，其得分为：吸引力：7.0/10，真诚度：7.0/10，智力：8.0/10，幽默度：7.0/10，抱负：8.0/10，共同兴趣：7.0/10。您的重要性权重为：吸引力：18.0，真诚度：18.0，智力：18.0，幽默度：19.0，抱负： 13.0，共同兴趣：14.0。你会为了新女友离开现在的伴侣吗？你的答案必须是或否，然后说明你的理由。你必须遵守这条规则！你不能说其他话。,否。根据您提供的评分和权重，当前伴侣在所有方面都得到了满分，这意味着她完美地满足了您的需求和期望。相比之下，新女性虽然在某些方面表现良好，但总体上无法与您当前伴侣的完美匹配程度相媲美。因此，没有理由为了新女性而离开现在的伴侣。,91,95,106,0
假设你是一位 35 岁的单身男士，有一位 26 岁的女性正在追求你。你的职业类型是 经济研究。你从六个维度对她进行了评估，满分为 10 分。这六个维度分别是：吸引力：7.0/10，真诚：8.0/10，智力：8.0/10，幽默感：8.0/10，抱负：8.0/10，共同兴趣：8.0/10。这些属性的重要性权重如下：吸引力：10.0，真诚：32.0，智力：20.0，幽默感：12.0，抱负：11.0，共同兴趣：15.0。你愿意和这位女士约会吗？请告诉我原因。你的答案必须是（是）或（否），然后说明你的原因。你必须遵守这条规则！你不能说其他话。,是。根据你提供的评分和权重，这位女士在你认为重要的品质上得分很高，尤其是在真诚、智力和共同兴趣方面。这些高分表明你们之间有很好的相容性和潜在的深度连接。因此，与她约会是一个合理的选择。,103,83,,1
假设您是一位 26 岁的男性，职业类型为 商业，目前已匹配到一位伴侣。您当前伴侣的得分（满分 10 分）：吸引力：10.0/10，真诚度：10.0/10，智力：10.0/10，幽默感：10.0/10，野心：10.0/10，共同兴趣：10.0/10。一位新女性正在向您求爱，其得分为：吸引力：8.0/10，真诚度：8.0/10，智力：8.0/10，幽默度：8.0/10，抱负：8.0/10，共同兴趣：8.0/10。您的重要性权重为：吸引力：40.0，真诚度：5.0，智力：20.0，幽默度：10.0，抱负： 10.0，共同兴趣：15.0。你会为了新女友离开现在的伴侣吗？你的答案必须是或否，然后说明你的理由。你必须遵守这条规则！你不能说其他话。,否。根据您提供的评分和权重，当前伴侣在所有方面都得到了满分，而新女性的得分虽然也不错，但与现有伴侣相比有明显的差距。计算加权得分后，现有伴侣的总分明显高于新女性，因此没有理由为了新女性离开现有的伴侣。,83,103,106,0
假设您是一位 22 岁的女性，职业类型为 社会工作者，目前已匹配到一位伴侣。您当前伴侣的得分（满分 10 分）：吸引力：7.0/10，真诚度：10.0/10，智力：9.0/10，幽默度：10.0/10，野心：8.0/10，共同兴趣：9.0/10。一位新男士正在向您求爱，他的得分为：吸引力：9.0/10，真诚度： 9.0/10，智力：9.0/10，幽默感：10.0/10，抱负：9.0/10，共同兴趣：10.0/10。您的重要性权重为：吸引力：15.0，真诚：20.0，智力：20.0，幽默感：20.0，抱负： 15.0，共同兴趣：10.0。你会为了新男友离开现在的伴侣吗？你的答案必须是（是）或（否），然后说明你的理由。你必须遵守这条规则！你绝对不能说其他话。,否。虽然新男士在某些方面得分更高，但根据您给出的重要性权重计算，您当前伴侣的加权得分为：(7*15 + 10*20 + 9*20 + 10*20 + 8*15 + 9*10) / (15+20+20+20+15+10) = 8.83，而新男士的加权得分为：(9*15 + 9*20 + 9*20 + 10*20 + 9*15 + 10*10) / (15+20+20+20+15+10) = 9.23。尽管新男士的加权得分略高，但差距并不大，考虑到您已经与当前伴侣建立了关系，因此不建议为了新男士离开现在的伴侣。,107,77,82,0
假设您是一位 29 岁的单身男士，有一位 23 岁的女性正在追求您。您的职业类型是 教授。您对她进行了六个维度的评估，满分为 10 分。这六个维度分别是：吸引力：6.0/10，真诚：7.0/10，智力：6.0/10，幽默感：5.0/10，抱负：7.0/10，共同兴趣：6.0/10。您对这些属性的重要性权重为：吸引力：50.0，真诚： 7.0，智力：20.0，幽默感：23.0，野心：0.0，共同兴趣：0.0。你愿意和这位女士约会吗？请告诉我原因。你的答案必须是(是）或（否），然后说明你的理由。你必须遵守这条规则！你不能说其他话。,否。根据我对各个维度的评分和重要性权重计算得出的总分较低，吸引力在我个人的评价体系中占有较高的比重，而她在这一项上的得分并不高，因此我可能不会选择与她约会。,88,97,,0
假设您是一位 29 岁的女性，职业类型为 小额金融项目经理，目前已匹配到一位伴侣。您当前伴侣的得分（满分 10 分）：吸引力：8.0/10，真诚度：10.0/10，智力：10.0/10，幽默度：8.0/10，野心：10.0/10，共同兴趣：8.0/10。一位新男士正在向您求爱，他的得分为：吸引力：10.0/10，真诚度： 10.0/10，智力：9.0/10，幽默感：10.0/10，抱负：9.0/10，共同兴趣：9.0/10。您的重要性权重为：吸引力：10.0，真诚：20.0，智力：20.0，幽默感：20.0，抱负： 20.0，共同兴趣：10.0。你会为了新男友离开现在的伴侣吗？你的答案必须是（是）或（否），然后说明你的理由。你必须遵守这条规则！你绝对不能说其他话。,否。虽然新男士在某些方面得分更高，但根据您给出的重要性权重，当前伴侣的总分（340分）高于新男士（330分）。因此，从数值上看，您与当前伴侣的匹配度更高。此外，真诚度和共同兴趣也是维持长期关系的重要因素，而您当前的伴侣在这两个方面表现良好。,99,92,88,1
假设您是一位 26 岁的男性，职业类型为 高校或科研人员，目前已匹配到一位伴侣。您当前伴侣的得分（满分 10 分）：吸引力：7.0/10，真诚度：8.0/10，智力：7.0/10，幽默感：7.0/10，野心：4.0/10，共同兴趣：7.0/10。一位新女性正在向您求爱，其得分为：吸引力：8.0/10，真诚度：9.0/10，智力：9.0/10，幽默度：9.0/10，抱负：8.0/10，共同兴趣：8.0/10。您的重要性权重为：吸引力：10.0，真诚度：20.0，智力：20.0，幽默度：22.0，抱负： 6.0，共同兴趣：22.0。你会为了新女友离开现在的伴侣吗？你的答案必须是或否，然后说明你的理由。你必须遵守这条规则！你不能说其他话。,否。虽然新女性在大多数方面得分更高，但根据您提供的权重，当前伴侣在真诚度、幽默感和共同兴趣上的得分与新女性相差不大，而这些方面对您来说非常重要。此外，吸引力和智力方面，新女性确实有优势，但差距并不足以完全改变整体评价。考虑到您已经与当前伴侣建立了关系，维持现有关系可能更为稳定和可靠。因此，我建议您不为了新女性离开现在的伴侣。,79,96,108,0
假设您是一位 26 岁的女性，职业类型为 运筹学，目前已匹配到一位伴侣。您当前伴侣的得分（满分 10 分）：吸引力：6.0/10，真诚度：7.0/10，智力：7.0/10，幽默度：4.0/10，野心：nan/10，共同兴趣：nan/10。一位新男士正在向您求爱，他的得分为：吸引力：7.0/10，真诚度： 7.0/10，智力：7.0/10，幽默感：5.0/10，抱负：5.0/10，共同兴趣：5.0/10。您的重要性权重为：吸引力：10.0，真诚：20.0，智力：15.0，幽默感：20.0，抱负： 20.0，共同兴趣：15.0。你会为了新男友离开现在的伴侣吗？你的答案必须是（是）或（否），然后说明你的理由。你必须遵守这条规则！你绝对不能说其他话。,是。根据您提供的评分和权重，新男士在吸引力、幽默感、抱负和共同兴趣方面得分更高，这使得他在整体评价中更胜一筹。因此，从理性的角度来看，选择新男士可能更符合您的偏好和需求。,96,79,86,1
假设您是一位 29 岁的单身男士，有一位 30 岁的女性正在追求您。您的职业类型是 教授。您对她进行了六个维度的评估，满分为 10 分。这六个维度分别是：吸引力：6.0/10，真诚：6.0/10，智力：6.0/10，幽默感：5.0/10，抱负：7.0/10，共同兴趣：4.0/10。您对这些属性的重要性权重为：吸引力：50.0，真诚： 7.0，智力：20.0，幽默感：23.0，野心：0.0，共同兴趣：0.0。你愿意和这位女士约会吗？请告诉我原因。你的答案必须是(是）或（否），然后说明你的理由。你必须遵守这条规则！你不能说其他话。,否。根据我对各个维度的评分和重要性权重计算，这位女士的综合得分较低，主要因为吸引力这一项在我的评价体系中占有很大比重，而她在这一项上的得分并不高。此外，我们之间缺乏共同兴趣也影响了我与她建立更深层次联系的可能性。因此，我暂时不愿意与这位女士约会。,85,97,,0
假设您是一位 26 岁的男性，职业类型为 高校或科研人员，目前已匹配到一位伴侣。您当前伴侣的得分（满分 10 分）：吸引力：5.0/10，真诚度：8.0/10，智力：9.0/10，幽默感：8.0/10，野心：6.0/10，共同兴趣：nan/10。一位新女性正在向您求爱，其得分为：吸引力：8.0/10，真诚度：9.0/10，智力：9.0/10，幽默度：9.0/10，抱负：8.0/10，共同兴趣：8.0/10。您的重要性权重为：吸引力：10.0，真诚度：20.0，智力：20.0，幽默度：22.0，抱负： 6.0，共同兴趣：22.0。你会为了新女友离开现在的伴侣吗？你的答案必须是或否，然后说明你的理由。你必须遵守这条规则！你不能说其他话。,是。根据给定的重要性权重和得分，新女性在几乎所有方面都比当前伴侣得分更高，特别是在吸引力、真诚度、幽默感和共同兴趣方面，这些因素对我来说非常重要。因此，从理性角度来看，选择新女性作为伴侣可能更符合我的价值观和需求。,79,96,110,1
假设你是一位 28 岁的单身男士，有一位 32 岁的女性正在追求你。你的职业类型是 新闻业。你从六个维度对她进行了评估，满分为 10 分。这六个维度分别是：吸引力：2.0/10，真诚：8.0/10，智力：10.0/10，幽默感：1.0/10，抱负：7.0/10，共同兴趣：1.0/10。这些属性的重要性权重如下：吸引力：10.0，真诚：10.0，智力：20.0，幽默感：20.0，抱负：20.0，共同兴趣：20.0。你愿意和这位女士约会吗？请告诉我原因。你的答案必须是（是）或（否），然后说明你的原因。你必须遵守这条规则！你不能说其他话。,否。根据你提供的评分和权重，这位女士在吸引力、幽默感和共同兴趣方面的得分较低，而这些方面在你的评价体系中占有较高的权重。虽然她在真诚、智力和抱负方面表现良好，但综合考虑所有因素后，她的总分可能无法达到让你愿意与她约会的标准。,102,81,,0
假设您是一位 23 岁的女性，职业类型为 社会工作者，目前已匹配到一位伴侣。您当前伴侣的得分（满分 10 分）：吸引力：4.0/10，真诚度：10.0/10，智力：10.0/10，幽默度：6.0/10，野心：10.0/10，共同兴趣：9.0/10。一位新男士正在向您求爱，他的得分为：吸引力：3.0/10，真诚度： 10.0/10，智力：9.0/10，幽默感：5.0/10，抱负：9.0/10，共同兴趣：5.0/10。您的重要性权重为：吸引力：15.0，真诚：15.0，智力：20.0，幽默感：15.0，抱负： 15.0，共同兴趣：20.0。你会为了新男友离开现在的伴侣吗？你的答案必须是（是）或（否），然后说明你的理由。你必须遵守这条规则！你绝对不能说其他话。,否。根据您提供的评分和权重，目前伴侣的加权得分为：(4*15+10*15+10*20+6*15+10*15+9*20)/100=8.2分；新男士的加权得分为：(3*15+10*15+9*20+5*15+9*15+5*20)/100=7.3分。因此，您当前的伴侣在加权得分上更高，所以不会为了新男士而离开现在的伴侣。,100,87,88,0
假设您是一位 22 岁的女性，职业类型为 社会工作者，目前已匹配到一位伴侣。您当前伴侣的得分（满分 10 分）：吸引力：3.0/10，真诚度：10.0/10，智力：10.0/10，幽默度：10.0/10，野心：10.0/10，共同兴趣：6.0/10。一位新男士正在向您求爱，他的得分为：吸引力：9.0/10，真诚度： 9.0/10，智力：9.0/10，幽默感：10.0/10，抱负：9.0/10，共同兴趣：10.0/10。您的重要性权重为：吸引力：15.0，真诚：20.0，智力：20.0，幽默感：20.0，抱负： 15.0，共同兴趣：10.0。你会为了新男友离开现在的伴侣吗？你的答案必须是（是）或（否），然后说明你的理由。你必须遵守这条规则！你绝对不能说其他话。,是。根据您提供的评分和权重，新男士在几乎所有方面都更符合您的偏好，尤其是在您重视的真诚度、智力、幽默感和共同兴趣方面。这表明他可能更能满足您的情感需求，与您建立更深的连接。因此，选择新男士可能是更有利于您个人幸福的选择。,107,77,88,1
假设您是一位 25 岁的男性，职业类型为 法律，目前已匹配到一位伴侣。您当前伴侣的得分（满分 10 分）：吸引力：6.0/10，真诚度：8.0/10，智力：8.0/10，幽默感：6.0/10，野心：9.0/10，共同兴趣：nan/10。一位新女性正在向您求爱，其得分为：吸引力：6.0/10，真诚度：9.0/10，智力：9.0/10，幽默度：6.0/10，抱负：5.0/10，共同兴趣：7.0/10。您的重要性权重为：吸引力：30.0，真诚度：15.0，智力：20.0，幽默度：20.0，抱负： 0.0，共同兴趣：5.0。你会为了新女友离开现在的伴侣吗？你的答案必须是或否，然后说明你的理由。你必须遵守这条规则！你不能说其他话。,否。根据给定的重要性权重计算总分，当前伴侣的总分为：(6*30 + 8*15 + 8*20 + 6*20 + 9*0 + 0*5) / (30+15+20+20+0+5) = 6.86；新女性的总分为：(6*30 + 9*15 + 9*20 + 6*20 + 5*0 + 7*5) / (30+15+20+20+0+5) = 7.43。虽然新女性的总分略高，但考虑到已经与当前伴侣建立了关系，且两人在真诚度、智力和野心方面表现良好，因此不建议为了新女性而离开当前伴侣。,80,105,110,0
假设您是一位 26 岁的男性，职业类型为 高校或科研人员，目前已匹配到一位伴侣。您当前伴侣的得分（满分 10 分）：吸引力：8.0/10，真诚度：10.0/10，智力：10.0/10，幽默感：6.0/10，野心：9.0/10，共同兴趣：8.0/10。一位新女性正在向您求爱，其得分为：吸引力：8.0/10，真诚度：9.0/10，智力：9.0/10，幽默度：9.0/10，抱负：8.0/10，共同兴趣：8.0/10。您的重要性权重为：吸引力：10.0，真诚度：20.0，智力：20.0，幽默度：22.0，抱负： 6.0，共同兴趣：22.0。你会为了新女友离开现在的伴侣吗？你的答案必须是或否，然后说明你的理由。你必须遵守这条规则！你不能说其他话。,否。虽然新女性在幽默感和共同兴趣方面得分更高，但根据我的重要性权重，当前伴侣在真诚度、智力和野心方面的高分更为重要。这些特质对我来说至关重要，因此我不会为了新女性而离开现在的伴侣。,79,96,106,0
假设您是一位 27 岁的女性，职业类型为 学者，目前已匹配到一位伴侣。您当前伴侣的得分（满分 10 分）：吸引力：4.0/10，真诚度：9.0/10，智力：9.0/10，幽默度：6.0/10，野心：7.0/10，共同兴趣：5.0/10。一位新男士正在向您求爱，他的得分为：吸引力：7.0/10，真诚度： 10.0/10，智力：10.0/10，幽默感：9.0/10，抱负：9.0/10，共同兴趣：6.0/10。您的重要性权重为：吸引力：25.0，真诚：15.0，智力：20.0，幽默感：20.0，抱负： 20.0，共同兴趣：0.0。你会为了新男友离开现在的伴侣吗？你的答案必须是（是）或（否），然后说明你的理由。你必须遵守这条规则！你绝对不能说其他话。,是。根据您提供的评分和权重，新男士在您重视的各个维度上都明显优于您当前的伴侣。特别是真诚度、智力、幽默感和抱负方面，新男士的得分更高，这将对您的关系满意度产生积极影响。虽然吸引力方面新男士也更好，但考虑到您对共同兴趣的权重为0，这个因素的影响较小。因此，从整体上看，新男士更符合您的偏好。,111,89,81,1
假设你是一位 28 岁的单身男士，有一位 28 岁的女性正在追求你。你的职业类型是 新闻业。你从六个维度对她进行了评估，满分为 10 分。这六个维度分别是：吸引力：6.0/10，真诚：6.0/10，智力：7.0/10，幽默感：6.0/10，抱负：7.0/10，共同兴趣：6.0/10。这些属性的重要性权重如下：吸引力：10.0，真诚：10.0，智力：20.0，幽默感：20.0，抱负：20.0，共同兴趣：20.0。你愿意和这位女士约会吗？请告诉我原因。你的答案必须是（是）或（否），然后说明你的原因。你必须遵守这条规则！你不能说其他话。,否。根据你提供的评分和权重，这位女士在你所重视的各个维度上的得分都处于中等水平，没有特别突出的地方。对于新闻行业的人来说，智力、幽默感、抱负和共同兴趣尤为重要，而她在这些方面的得分并不高，因此可能无法满足你在情感交流和精神层面上的需求。此外，吸引力和真诚也是重要的考量因素，但她的得分也只是一般。综上所述，基于当前的信息，我选择不与她约会。,110,81,,1
假设您是一位 24 岁的单身男士，有一位 23 岁的女性正在追求您。您的职业类型是 工程。您对她进行了六个维度的评估，满分为 10 分。这六个维度分别是：吸引力：8.0/10，真诚：9.0/10，智力：7.0/10，幽默感：8.0/10，抱负：5.0/10，共同兴趣：4.0/10。您对这些属性的重要性权重为：吸引力：10.0，真诚： 20.0，智力：35.0，幽默感：20.0，野心：0.0，共同兴趣：15.0。你愿意和这位女士约会吗？请告诉我原因。你的答案必须是(是）或（否），然后说明你的理由。你必须遵守这条规则！你不能说其他话。,是。根据我对各个维度的评分和重要性权重计算得出的总分，这位女士在吸引力、真诚、智力和幽默感方面得分较高，这些是我认为比较重要的特质。虽然她在抱负和共同兴趣方面的得分较低，但这两个维度在我个人的评价体系中所占的权重较小。因此，综合考虑后，我愿意与她约会。,88,108,,1
假设您是一位 29 岁的单身男士，有一位 22 岁的女性正在追求您。您的职业类型是 教授。您对她进行了六个维度的评估，满分为 10 分。这六个维度分别是：吸引力：8.0/10，真诚：8.0/10，智力：8.0/10，幽默感：8.0/10，抱负：8.0/10，共同兴趣：7.0/10。您对这些属性的重要性权重为：吸引力：50.0，真诚： 7.0，智力：20.0，幽默感：23.0，野心：0.0，共同兴趣：0.0。你愿意和这位女士约会吗？请告诉我原因。你的答案必须是(是）或（否），然后说明你的理由。你必须遵守这条规则！你不能说其他话。,是。根据您提供的评分和权重，这位女士在您认为重要的方面表现得非常好，尤其是在吸引力、真诚和智力方面，这些方面的得分都很高，且权重也较大。虽然年龄差异可能是一个考虑因素，但根据您给出的评估标准，这位女士似乎是一个很好的约会对象。,86,97,,1
假设你是一位 25 岁的单身男士，有一位 32 岁的女性正在追求你。你的职业类型是 先从事教学，然后…。你从六个维度对她进行了评估，满分为 10 分。这六个维度分别是：吸引力：4.0/10，真诚：10.0/10，智力：9.0/10，幽默感：6.0/10，抱负：8.0/10，共同兴趣：6.0/10。这些属性的重要性权重如下：吸引力：20.0，真诚：20.0，智力：20.0，幽默感：20.0，抱负：10.0，共同兴趣：10.0。你愿意和这位女士约会吗？请告诉我原因。你的答案必须是（是）或（否），然后说明你的原因。你必须遵守这条规则！你不能说其他话。,否。根据你提供的评分和权重，这位女士在吸引力这一项上的得分较低，而这项在你的评价体系中占有较高的比重（20%）。虽然她在真诚、智力和抱负方面得分较高，但综合考虑所有因素后，她的总分可能没有达到你期望的标准。因此，在这种情况下，你可能不愿意与她约会。但是，这并不意味着她不是一个很好的人，只是你们之间可能存在一些不匹配的地方。,102,82,,1
假设您是一位 29 岁的女性，职业类型为 小额金融项目经理，目前已匹配到一位伴侣。您当前伴侣的得分（满分 10 分）：吸引力：8.0/10，真诚度：7.0/10，智力：7.0/10，幽默度：6.0/10，野心：6.0/10，共同兴趣：5.0/10。一位新男士正在向您求爱，他的得分为：吸引力：10.0/10，真诚度： 10.0/10，智力：9.0/10，幽默感：10.0/10，抱负：9.0/10，共同兴趣：9.0/10。您的重要性权重为：吸引力：10.0，真诚：20.0，智力：20.0，幽默感：20.0，抱负： 20.0，共同兴趣：10.0。你会为了新男友离开现在的伴侣吗？你的答案必须是（是）或（否），然后说明你的理由。你必须遵守这条规则！你绝对不能说其他话。,是。根据您提供的评分和权重，新男士在所有方面都远超您当前的伴侣，特别是在您认为重要的特质上，如真诚、智力、幽默感和抱负。这表明新男士可能更符合您的长期需求和期望，因此选择他是合理的。,99,92,85,1
假设您是一位 25 岁的男性，职业类型为 电影行业，目前已匹配到一位伴侣。您当前伴侣的得分（满分 10 分）：吸引力：10.0/10，真诚度：10.0/10，智力：10.0/10，幽默感：8.0/10，野心：8.0/10，共同兴趣：8.0/10。一位新女性正在向您求爱，其得分为：吸引力：7.0/10，真诚度：10.0/10，智力：8.0/10，幽默度：8.0/10，抱负：6.0/10，共同兴趣：7.0/10。您的重要性权重为：吸引力：15.0，真诚度：10.0，智力：30.0，幽默度：10.0，抱负： 5.0，共同兴趣：30.0。你会为了新女友离开现在的伴侣吗？你的答案必须是或否，然后说明你的理由。你必须遵守这条规则！你不能说其他话。,否。根据您提供的评分和权重，当前伴侣在几乎所有方面都优于新女性，尤其是在您认为最重要的智力和共同兴趣方面。因此，没有足够的理由为了新女性而离开现在的伴侣。,84,109,106,1
假设您是一位 28 岁的男性，职业类型为 市场营销，目前已匹配到一位伴侣。您当前伴侣的得分（满分 10 分）：吸引力：9.0/10，真诚度：10.0/10，智力：10.0/10，幽默感：8.0/10，野心：8.0/10，共同兴趣：8.0/10。一位新女性正在向您求爱，其得分为：吸引力：7.0/10，真诚度：9.0/10，智力：9.0/10，幽默度：8.0/10，抱负：6.0/10，共同兴趣：7.0/10。您的重要性权重为：吸引力：20.0，真诚度：20.0，智力：20.0，幽默度：10.0，抱负： 10.0，共同兴趣：20.0。你会为了新女友离开现在的伴侣吗？你的答案必须是或否，然后说明你的理由。你必须遵守这条规则！你不能说其他话。,否。根据您提供的评分和权重，当前伴侣在吸引力、真诚度、智力和共同兴趣方面得分较高，这些因素对您来说非常重要。虽然新女性在某些方面也有不错的表现，但她的吸引力和抱负得分较低，这可能会影响您与她之间的关系质量。因此，从整体上看，您应该继续与现有伴侣保持关系。,93,94,106,0
假设您是一位 25 岁的男性，职业类型为 法律，目前已匹配到一位伴侣。您当前伴侣的得分（满分 10 分）：吸引力：8.0/10，真诚度：10.0/10，智力：7.0/10，幽默感：3.0/10，野心：10.0/10，共同兴趣：4.0/10。一位新女性正在向您求爱，其得分为：吸引力：6.0/10，真诚度：9.0/10，智力：9.0/10，幽默度：6.0/10，抱负：5.0/10，共同兴趣：7.0/10。您的重要性权重为：吸引力：30.0，真诚度：15.0，智力：20.0，幽默度：20.0，抱负： 0.0，共同兴趣：5.0。你会为了新女友离开现在的伴侣吗？你的答案必须是或否，然后说明你的理由。你必须遵守这条规则！你不能说其他话。,否。根据您提供的权重和得分，计算后发现当前伴侣的加权得分为 8.35，而新女性的加权得分为 7.65。因此，从数值上看，当前伴侣更符合您的偏好。,80,105,106,0
假设您是一位 23 岁的女性，职业类型为 社会工作者，目前已匹配到一位伴侣。您当前伴侣的得分（满分 10 分）：吸引力：5.0/10，真诚度：8.0/10，智力：8.0/10，幽默度：5.0/10，野心：8.0/10，共同兴趣：3.0/10。一位新男士正在向您求爱，他的得分为：吸引力：3.0/10，真诚度： 10.0/10，智力：9.0/10，幽默感：5.0/10，抱负：9.0/10，共同兴趣：5.0/10。您的重要性权重为：吸引力：15.0，真诚：15.0，智力：20.0，幽默感：15.0，抱负： 15.0，共同兴趣：20.0。你会为了新男友离开现在的伴侣吗？你的答案必须是（是）或（否），然后说明你的理由。你必须遵守这条规则！你绝对不能说其他话。,否。根据您提供的评分和权重，当前伴侣在吸引力、真诚度、智力、幽默度、野心和共同兴趣方面的综合得分为64分（满分为100分），而新男士的综合得分为67分。虽然新男士在真诚度、智力和抱负方面得分较高，但他在吸引力和共同兴趣方面的得分较低，这与您的重要性权重相悖。因此，考虑到您对吸引力和共同兴趣的重视程度，我建议您不为了新男士离开当前伴侣。,100,87,85,0
假设您是一位 25 岁的女性，职业类型为 先从事教学，然后…，目前已匹配到一位伴侣。您当前伴侣的得分（满分 10 分）：吸引力：5.0/10，真诚度：8.0/10，智力：8.0/10，幽默度：6.0/10，野心：5.0/10，共同兴趣：3.0/10。一位新男士正在向您求爱，他的得分为：吸引力：4.0/10，真诚度： 10.0/10，智力：9.0/10，幽默感：6.0/10，抱负：8.0/10，共同兴趣：6.0/10。您的重要性权重为：吸引力：20.0，真诚：20.0，智力：20.0，幽默感：20.0，抱负： 10.0，共同兴趣：10.0。你会为了新男友离开现在的伴侣吗？你的答案必须是（是）或（否），然后说明你的理由。你必须遵守这条规则！你绝对不能说其他话。,否。根据您提供的评分和权重，目前伴侣的加权得分为：(5*20 + 8*20 + 8*20 + 6*20 + 5*10 + 3*10) / 100 = 6.2分；而新男士的加权得分为：(4*20 + 10*20 + 9*20 + 6*20 + 8*10 + 6*10) / 100 = 7.2分。虽然新男士的加权得分更高，但是考虑到感情关系不仅仅是数字上的比较，还有情感投入、相处模式等多方面因素，因此不建议轻易为了新男士离开现在的伴侣。,102,82,85,1
假设您是一位 28 岁的男性，职业类型为 作家，目前已匹配到一位伴侣。您当前伴侣的得分（满分 10 分）：吸引力：9.0/10，真诚度：5.0/10，智力：6.0/10，幽默感：3.0/10，野心：10.0/10，共同兴趣：9.0/10。一位新女性正在向您求爱，其得分为：吸引力：5.0/10，真诚度：5.0/10，智力：8.0/10，幽默度：5.0/10，抱负：10.0/10，共同兴趣：5.0/10。您的重要性权重为：吸引力：20.0，真诚度：20.0，智力：15.0，幽默度：15.0，抱负： 5.0，共同兴趣：25.0。你会为了新女友离开现在的伴侣吗？你的答案必须是或否，然后说明你的理由。你必须遵守这条规则！你不能说其他话。,否。根据您提供的评分和权重，当前伴侣在吸引力和共同兴趣方面得分较高，这两项在您的重要性权重中占据了很大比例（分别为20%和25%）。虽然新女性在智力方面得分更高，但考虑到您对吸引力和共同兴趣的重视程度，当前伴侣的整体得分更高，因此不建议为了新女性而离开现在的伴侣。,81,110,106,0
假设您是一位 35 岁的女性，职业类型为 经济研究，目前已匹配到一位伴侣。您当前伴侣的得分（满分 10 分）：吸引力：8.0/10，真诚度：7.0/10，智力：7.0/10，幽默度：6.0/10，野心：6.0/10，共同兴趣：3.0/10。一位新男士正在向您求爱，他的得分为：吸引力：7.0/10，真诚度： 8.0/10，智力：8.0/10，幽默感：8.0/10，抱负：8.0/10，共同兴趣：8.0/10。您的重要性权重为：吸引力：10.0，真诚：32.0，智力：20.0，幽默感：12.0，抱负： 11.0，共同兴趣：15.0。你会为了新男友离开现在的伴侣吗？你的答案必须是（是）或（否），然后说明你的理由。你必须遵守这条规则！你绝对不能说其他话。,是。根据您提供的评分和权重，新男士在真诚度、智力、幽默感、抱负和共同兴趣方面都优于您当前的伴侣，而吸引力方面仅略低。综合考虑各项因素，新男士的整体得分更高，更符合您的偏好。因此，从理性的角度来看，选择新男士可能对您更有利。,103,83,85,1
假设你是一位 30 岁的单身男士，有一位 22 岁的女性正在追求你。你的职业类型是 社会服务 / 政策。你从六个维度对她进行了评估，满分为 10 分。这六个维度分别是：吸引力：6.0/10，真诚：8.0/10，智力：7.0/10，幽默感：6.0/10，抱负：8.0/10，共同兴趣：2.0/10。这些属性的重要性权重如下：吸引力：20.0，真诚：25.0，智力：15.0，幽默感：15.0，抱负：15.0，共同兴趣：10.0。你愿意和这位女士约会吗？请告诉我原因。你的答案必须是（是）或（否），然后说明你的原因。你必须遵守这条规则！你不能说其他话。,否。根据你提供的评分和权重，这位女士在“共同兴趣”这一项上的得分较低，而共同兴趣对于建立长期关系来说是非常重要的。虽然她在其他方面表现不错，但缺乏共同兴趣可能会导致两人在相处过程中难以找到共鸣的话题，影响感情的进一步发展。因此，基于这些信息，我选择不与她约会。,106,85,,1
