"Assume you are a 25-year-old single man, and there is a 26-year-old woman who is courting you. Your career type is Clinical Psychologist. You evaluated her on six dimensions. These are attractiveness: slightly satisfied, sincerity: moderately satisfied, intelligence: slightly satisfied, being funny: moderately satisfied, ambition: moderately satisfied, shared interests: neutral, would you be willing to date this woman? And also tell me the reason. Your answer must be (YES) or (NO) followed by your reason. You must FOLLOW THIS RULE! You MUST NOT SAY other words.","YES, since overall satisfaction across most dimensions is moderate, suggesting a potentially positive connection worth exploring further.",422,416,,1
"Assume you are a 25-year-old woman, and you have been in a relationship with your 26-year-old boyfriend recently. Your career type is Clinical Psychologist. Here is how you rated your boyfriend on the six dimensions: attractiveness: slightly satisfied, sincerity: moderately satisfied, intelligence: slightly satisfied, being funny: moderately satisfied, ambition: moderately satisfied, shared interests: neutral. Now, another 25-year-old man is chasing you. You had a date with him, and you also scored him on the six dimensions, considering the same varying levels of importance: attractiveness: moderately satisfied, sincerity: moderately satisfied, intelligence: moderately satisfied, being funny: moderately satisfied, ambition: moderately satisfied, shared interests: no information. If you believe the person chasing you excels in dimensions that you consider more important than your current boyfriend, you might consider ending the current relationship to explore a new one. Would you be willing to end your current relationship to start a new one with the man chasing you? And also tell me the reason. Your answer must be (YES) or (NO) followed by your reason. You must FOLLOW THIS RULE! You MUST NOT say other words! ","NO, because shared interests and deeper compatibility are important factors that I don't yet know about the new man, making it risky to end the current relationship without that knowledge.",416,428,422,0
"Assume you are a 27-year-old single woman, and there is a 29-year-old guy who is courting you. Your career type is Management Consulting. You evaluated him on six dimensions. These are attractiveness: neutral, sincerity: moderately satisfied, intelligence: moderately satisfied, being funny: slightly satisfied, ambition: moderately satisfied, shared interests: no information, would you be willing to date this guy? And also tell me the reason. Your answer must be (YES) or (NO) followed by your reason. You must FOLLOW THIS RULE! You MUST NOT SAY other words.","YES, because his qualities meet some important criteria well, and there is potential for a good match.",417,428,,1
"Assume you are a 28-year-old single woman, and there is a 22-year-old guy who is courting you. Your career type is Energy. You evaluated him on six dimensions. These are attractiveness: slightly satisfied, sincerity: slightly satisfied, intelligence: very satisfied, being funny: moderately satisfied, ambition: very satisfied, shared interests: moderately satisfied, would you be willing to date this guy? And also tell me the reason. Your answer must be (YES) or (NO) followed by your reason. You must FOLLOW THIS RULE! You MUST NOT SAY other words.","YES, because his high intelligence and ambition align well with my values, and our moderate satisfaction in shared interests and humor suggests we could enjoy a compatible and growth-oriented relationship.",420,427,,1
"Assume you are a 25-year-old woman, and you have been in a relationship with your 26-year-old boyfriend recently. Your career type is Clinical Psychologist. Here is how you rated your boyfriend on the six dimensions: attractiveness: slightly satisfied, sincerity: moderately satisfied, intelligence: slightly satisfied, being funny: moderately satisfied, ambition: moderately satisfied, shared interests: neutral. Now, another 25-year-old man is chasing you. You had a date with him, and you also scored him on the six dimensions, considering the same varying levels of importance: attractiveness: neutral, sincerity: moderately satisfied, intelligence: very satisfied, being funny: moderately satisfied, ambition: moderately satisfied, shared interests: slightly satisfied. If you believe the person chasing you excels in dimensions that you consider more important than your current boyfriend, you might consider ending the current relationship to explore a new one. Would you be willing to end your current relationship to start a new one with the man chasing you? And also tell me the reason. Your answer must be (YES) or (NO) followed by your reason. You must FOLLOW THIS RULE! You MUST NOT say other words! ","YES, because intelligence and shared interests are more important to me, and the new man has higher ratings in these dimensions.",416,425,422,1
"Assume you are a 22-year-old woman, and you have been in a relationship with your 28-year-old boyfriend recently. Your career type is Social Worker. Here is how you rated your boyfriend on the six dimensions: attractiveness: moderately satisfied, sincerity: moderately satisfied, intelligence: moderately satisfied, being funny: slightly satisfied, ambition: slightly satisfied, shared interests: moderately satisfied. Now, another 22-year-old man is chasing you. You had a date with him, and you also scored him on the six dimensions, considering the same varying levels of importance: attractiveness: very satisfied, sincerity: moderately satisfied, intelligence: moderately satisfied, being funny: very satisfied, ambition: slightly satisfied, shared interests: neutral. If you believe the person chasing you excels in dimensions that you consider more important than your current boyfriend, you might consider ending the current relationship to explore a new one. Would you be willing to end your current relationship to start a new one with the man chasing you? And also tell me the reason. Your answer must be (YES) or (NO) followed by your reason. You must FOLLOW THIS RULE! You MUST NOT say other words! ","NO, the current relationship has a reasonable balance across important dimensions, and the areas where the new man excels may not sufficiently compensate for the lower alignment in shared interests and ambition.",420,426,427,0
"Assume you are a 25-year-old woman, and you have been in a relationship with your 28-year-old boyfriend recently. Your career type is Clinical Psychologist. Here is how you rated your boyfriend on the six dimensions: attractiveness: dissatisfied, sincerity: neutral, intelligence: moderately satisfied, being funny: neutral, ambition: moderately satisfied, shared interests: dissatisfied. Now, another 25-year-old man is chasing you. You had a date with him, and you also scored him on the six dimensions, considering the same varying levels of importance: attractiveness: very satisfied, sincerity: moderately satisfied, intelligence: moderately satisfied, being funny: moderately satisfied, ambition: very satisfied, shared interests: moderately satisfied. If you believe the person chasing you excels in dimensions that you consider more important than your current boyfriend, you might consider ending the current relationship to explore a new one. Would you be willing to end your current relationship to start a new one with the man chasing you? And also tell me the reason. Your answer must be (YES) or (NO) followed by your reason. You must FOLLOW THIS RULE! You MUST NOT say other words! ","YES, because the new man aligns better with my values and desires in important relationship dimensions such as ambition and attractiveness, which enhances our compatibility and potential for a fulfilling relationship.",416,424,425,1
"Assume you are a 27-year-old single woman, and there is a 25-year-old guy who is courting you. Your career type is Investment Management. You evaluated him on six dimensions. These are attractiveness: moderately satisfied, sincerity: very satisfied, intelligence: very satisfied, being funny: very satisfied, ambition: moderately satisfied, shared interests: slightly satisfied, would you be willing to date this guy? And also tell me the reason. Your answer must be (YES) or (NO) followed by your reason. You must FOLLOW THIS RULE! You MUST NOT SAY other words.","YES, the high levels of sincerity, intelligence, and humor align well with important relationship values, despite some differences in ambition and shared interests.",418,429,,1
"Assume you are a 22-year-old woman, and you have been in a relationship with your 28-year-old boyfriend recently. Your career type is Social Worker. Here is how you rated your boyfriend on the six dimensions: attractiveness: moderately satisfied, sincerity: moderately satisfied, intelligence: moderately satisfied, being funny: slightly satisfied, ambition: slightly satisfied, shared interests: moderately satisfied. Now, another 22-year-old man is chasing you. You had a date with him, and you also scored him on the six dimensions, considering the same varying levels of importance: attractiveness: very satisfied, sincerity: very satisfied, intelligence: very satisfied, being funny: very satisfied, ambition: moderately satisfied, shared interests: very satisfied. If you believe the person chasing you excels in dimensions that you consider more important than your current boyfriend, you might consider ending the current relationship to explore a new one. Would you be willing to end your current relationship to start a new one with the man chasing you? And also tell me the reason. Your answer must be (YES) or (NO) followed by your reason. You must FOLLOW THIS RULE! You MUST NOT say other words! ","YES, because the new man excels in dimensions I find more important, indicating a potentially more fulfilling relationship.",420,422,427,1
"Assume you are a 25-year-old woman, and you have been in a relationship with your 24-year-old boyfriend recently. Your career type is Clinical Psychologist. Here is how you rated your boyfriend on the six dimensions: attractiveness: slightly satisfied, sincerity: moderately satisfied, intelligence: moderately satisfied, being funny: moderately satisfied, ambition: slightly satisfied, shared interests: slightly satisfied. Now, another 25-year-old man is chasing you. You had a date with him, and you also scored him on the six dimensions, considering the same varying levels of importance: attractiveness: moderately satisfied, sincerity: slightly satisfied, intelligence: neutral, being funny: moderately satisfied, ambition: neutral, shared interests: moderately satisfied. If you believe the person chasing you excels in dimensions that you consider more important than your current boyfriend, you might consider ending the current relationship to explore a new one. Would you be willing to end your current relationship to start a new one with the man chasing you? And also tell me the reason. Your answer must be (YES) or (NO) followed by your reason. You must FOLLOW THIS RULE! You MUST NOT say other words! ","NO, the new man does not significantly exceed my current boyfriend in the areas I value most, and overall satisfaction levels do not justify ending my current relationship.",416,426,424,0
"Assume you are a 25-year-old single man, and there is a 30-year-old woman who is courting you. Your career type is Social Worker. You evaluated her on six dimensions. These are attractiveness: moderately satisfied, sincerity: moderately satisfied, intelligence: very satisfied, being funny: slightly satisfied, ambition: very satisfied, shared interests: no information, would you be willing to date this woman? And also tell me the reason. Your answer must be (YES) or (NO) followed by your reason. You must FOLLOW THIS RULE! You MUST NOT SAY other words.","YES, because her intelligence and ambition align well with my values, and I am moderately satisfied with her attractiveness and sincerity.",423,421,,1
"Assume you are a 25-year-old woman, and you have been in a relationship with your 27-year-old boyfriend recently. Your career type is Lawyer. Here is how you rated your boyfriend on the six dimensions: attractiveness: moderately satisfied, sincerity: moderately satisfied, intelligence: moderately satisfied, being funny: moderately satisfied, ambition: moderately satisfied, shared interests: slightly satisfied. Now, another 25-year-old man is chasing you. You had a date with him, and you also scored him on the six dimensions, considering the same varying levels of importance: attractiveness: slightly satisfied, sincerity: moderately satisfied, intelligence: very satisfied, being funny: moderately satisfied, ambition: moderately satisfied, shared interests: slightly satisfied. If you believe the person chasing you excels in dimensions that you consider more important than your current boyfriend, you might consider ending the current relationship to explore a new one. Would you be willing to end your current relationship to start a new one with the man chasing you? And also tell me the reason. Your answer must be (YES) or (NO) followed by your reason. You must FOLLOW THIS RULE! You MUST NOT say other words! ","NO, the new person does not exceed my current boyfriend significantly in areas that I find most important.",418,427,429,0
"Assume you are a 29-year-old woman, and you have been in a relationship with your 27-year-old boyfriend recently. Your career type is Clinical Psychologist. Here is how you rated your boyfriend on the six dimensions: attractiveness: moderately satisfied, sincerity: moderately satisfied, intelligence: moderately satisfied, being funny: neutral, ambition: moderately satisfied, shared interests: moderately satisfied. Now, another 29-year-old man is chasing you. You had a date with him, and you also scored him on the six dimensions, considering the same varying levels of importance: attractiveness: dissatisfied, sincerity: moderately satisfied, intelligence: neutral, being funny: neutral, ambition: dissatisfied, shared interests: moderately satisfied. If you believe the person chasing you excels in dimensions that you consider more important than your current boyfriend, you might consider ending the current relationship to explore a new one. Would you be willing to end your current relationship to start a new one with the man chasing you? And also tell me the reason. Your answer must be (YES) or (NO) followed by your reason. You must FOLLOW THIS RULE! You MUST NOT say other words! ","NO, the man chasing me does not excel in dimensions that are more important compared to my current boyfriend, as he scores lower in ambition and about the same or lower in other critical areas.",417,426,428,0
"Assume you are a 25-year-old woman, and you have been in a relationship with your 24-year-old boyfriend recently. Your career type is Clinical Psychologist. Here is how you rated your boyfriend on the six dimensions: attractiveness: slightly satisfied, sincerity: moderately satisfied, intelligence: moderately satisfied, being funny: moderately satisfied, ambition: slightly satisfied, shared interests: slightly satisfied. Now, another 25-year-old man is chasing you. You had a date with him, and you also scored him on the six dimensions, considering the same varying levels of importance: attractiveness: neutral, sincerity: moderately satisfied, intelligence: moderately satisfied, being funny: slightly satisfied, ambition: moderately satisfied, shared interests: neutral. If you believe the person chasing you excels in dimensions that you consider more important than your current boyfriend, you might consider ending the current relationship to explore a new one. Would you be willing to end your current relationship to start a new one with the man chasing you? And also tell me the reason. Your answer must be (YES) or (NO) followed by your reason. You must FOLLOW THIS RULE! You MUST NOT say other words! ","NO, the man chasing me does not excel in any dimensions significantly more than my current boyfriend, making it not worthwhile to end my current relationship.",416,427,424,0
"Assume you are a 25-year-old woman, and you have been in a relationship with your 27-year-old boyfriend recently. Your career type is Lawyer. Here is how you rated your boyfriend on the six dimensions: attractiveness: moderately satisfied, sincerity: moderately satisfied, intelligence: moderately satisfied, being funny: moderately satisfied, ambition: moderately satisfied, shared interests: slightly satisfied. Now, another 25-year-old man is chasing you. You had a date with him, and you also scored him on the six dimensions, considering the same varying levels of importance: attractiveness: moderately satisfied, sincerity: moderately satisfied, intelligence: very satisfied, being funny: moderately satisfied, ambition: moderately satisfied, shared interests: moderately satisfied. If you believe the person chasing you excels in dimensions that you consider more important than your current boyfriend, you might consider ending the current relationship to explore a new one. Would you be willing to end your current relationship to start a new one with the man chasing you? And also tell me the reason. Your answer must be (YES) or (NO) followed by your reason. You must FOLLOW THIS RULE! You MUST NOT say other words! ","NO, because the improvements in the new relationship are not significantly high compared to the existing one, especially in important dimensions like sincerity and ambition, which play crucial roles in long-term compatibility.",418,425,429,0
"Assume you are a 29-year-old woman, and you have been in a relationship with your 27-year-old boyfriend recently. Your career type is Clinical Psychologist. Here is how you rated your boyfriend on the six dimensions: attractiveness: moderately satisfied, sincerity: moderately satisfied, intelligence: moderately satisfied, being funny: neutral, ambition: moderately satisfied, shared interests: moderately satisfied. Now, another 29-year-old man is chasing you. You had a date with him, and you also scored him on the six dimensions, considering the same varying levels of importance: attractiveness: neutral, sincerity: moderately satisfied, intelligence: moderately satisfied, being funny: neutral, ambition: slightly satisfied, shared interests: neutral. If you believe the person chasing you excels in dimensions that you consider more important than your current boyfriend, you might consider ending the current relationship to explore a new one. Would you be willing to end your current relationship to start a new one with the man chasing you? And also tell me the reason. Your answer must be (YES) or (NO) followed by your reason. You must FOLLOW THIS RULE! You MUST NOT say other words! ","NO, the new man does not excel in any dimension I consider more important than those where I rated my current boyfriend, and overall satisfaction with the new man seems lower or equivalent in key areas compared to my current boyfriend.",417,425,428,0
"Assume you are a 29-year-old woman, and you have been in a relationship with your 27-year-old boyfriend recently. Your career type is Clinical Psychologist. Here is how you rated your boyfriend on the six dimensions: attractiveness: moderately satisfied, sincerity: moderately satisfied, intelligence: moderately satisfied, being funny: neutral, ambition: moderately satisfied, shared interests: moderately satisfied. Now, another 29-year-old man is chasing you. You had a date with him, and you also scored him on the six dimensions, considering the same varying levels of importance: attractiveness: neutral, sincerity: moderately satisfied, intelligence: moderately satisfied, being funny: neutral, ambition: moderately satisfied, shared interests: neutral. If you believe the person chasing you excels in dimensions that you consider more important than your current boyfriend, you might consider ending the current relationship to explore a new one. Would you be willing to end your current relationship to start a new one with the man chasing you? And also tell me the reason. Your answer must be (YES) or (NO) followed by your reason. You must FOLLOW THIS RULE! You MUST NOT say other words! ","NO, because the scores for the new man do not significantly exceed those of my current boyfriend in any of the dimensions I consider important.",417,427,428,0
"Assume you are a 22-year-old woman, and you have been in a relationship with your 26-year-old boyfriend recently. Your career type is Social Worker. Here is how you rated your boyfriend on the six dimensions: attractiveness: very satisfied, sincerity: very satisfied, intelligence: very satisfied, being funny: very satisfied, ambition: very satisfied, shared interests: very satisfied. Now, another 22-year-old man is chasing you. You had a date with him, and you also scored him on the six dimensions, considering the same varying levels of importance: attractiveness: moderately satisfied, sincerity: moderately satisfied, intelligence: moderately satisfied, being funny: slightly satisfied, ambition: moderately satisfied, shared interests: neutral. If you believe the person chasing you excels in dimensions that you consider more important than your current boyfriend, you might consider ending the current relationship to explore a new one. Would you be willing to end your current relationship to start a new one with the man chasing you? And also tell me the reason. Your answer must be (YES) or (NO) followed by your reason. You must FOLLOW THIS RULE! You MUST NOT say other words! ","NO, because I am very satisfied in all dimensions with my current boyfriend, while I have lower satisfaction levels with the other man.",420,425,422,0
"Assume you are a 25-year-old woman, and you have been in a relationship with your 30-year-old boyfriend recently. Your career type is Social Worker. Here is how you rated your boyfriend on the six dimensions: attractiveness: moderately satisfied, sincerity: moderately satisfied, intelligence: very satisfied, being funny: slightly satisfied, ambition: very satisfied, shared interests: no information. Now, another 25-year-old man is chasing you. You had a date with him, and you also scored him on the six dimensions, considering the same varying levels of importance: attractiveness: moderately satisfied, sincerity: moderately satisfied, intelligence: moderately satisfied, being funny: moderately satisfied, ambition: moderately satisfied, shared interests: slightly satisfied. If you believe the person chasing you excels in dimensions that you consider more important than your current boyfriend, you might consider ending the current relationship to explore a new one. Would you be willing to end your current relationship to start a new one with the man chasing you? And also tell me the reason. Your answer must be (YES) or (NO) followed by your reason. You must FOLLOW THIS RULE! You MUST NOT say other words! ","NO, the new man does not excel in the dimensions I consider more important than those where my current boyfriend excels.",421,425,423,0
"Assume you are a 25-year-old woman, and you have been in a relationship with your 30-year-old boyfriend recently. Your career type is Social Worker. Here is how you rated your boyfriend on the six dimensions: attractiveness: moderately satisfied, sincerity: moderately satisfied, intelligence: very satisfied, being funny: slightly satisfied, ambition: very satisfied, shared interests: no information. Now, another 25-year-old man is chasing you. You had a date with him, and you also scored him on the six dimensions, considering the same varying levels of importance: attractiveness: neutral, sincerity: slightly satisfied, intelligence: moderately satisfied, being funny: neutral, ambition: moderately satisfied, shared interests: neutral. If you believe the person chasing you excels in dimensions that you consider more important than your current boyfriend, you might consider ending the current relationship to explore a new one. Would you be willing to end your current relationship to start a new one with the man chasing you? And also tell me the reason. Your answer must be (YES) or (NO) followed by your reason. You must FOLLOW THIS RULE! You MUST NOT say other words! ","NO, based on the ratings given, my current boyfriend ranks higher in the dimensions of intelligence and ambition, which I value highly, compared to the new man who scores lower in those crucial areas.",421,427,423,0
"Assume you are a 25-year-old woman, and you have been in a relationship with your 27-year-old boyfriend recently. Your career type is Lawyer. Here is how you rated your boyfriend on the six dimensions: attractiveness: moderately satisfied, sincerity: moderately satisfied, intelligence: moderately satisfied, being funny: moderately satisfied, ambition: moderately satisfied, shared interests: slightly satisfied. Now, another 25-year-old man is chasing you. You had a date with him, and you also scored him on the six dimensions, considering the same varying levels of importance: attractiveness: neutral, sincerity: moderately satisfied, intelligence: slightly satisfied, being funny: neutral, ambition: neutral, shared interests: dissatisfied. If you believe the person chasing you excels in dimensions that you consider more important than your current boyfriend, you might consider ending the current relationship to explore a new one. Would you be willing to end your current relationship to start a new one with the man chasing you? And also tell me the reason. Your answer must be (YES) or (NO) followed by your reason. You must FOLLOW THIS RULE! You MUST NOT say other words! ","NO, the new man does not excel in the dimensions that I consider more important compared to my current boyfriend.",418,426,429,0
"Assume you are a 25-year-old woman, and you have been in a relationship with your 30-year-old boyfriend recently. Your career type is Social Worker. Here is how you rated your boyfriend on the six dimensions: attractiveness: moderately satisfied, sincerity: moderately satisfied, intelligence: very satisfied, being funny: slightly satisfied, ambition: very satisfied, shared interests: no information. Now, another 25-year-old man is chasing you. You had a date with him, and you also scored him on the six dimensions, considering the same varying levels of importance: attractiveness: neutral, sincerity: neutral, intelligence: neutral, being funny: dissatisfied, ambition: dissatisfied, shared interests: very dissatisfied. If you believe the person chasing you excels in dimensions that you consider more important than your current boyfriend, you might consider ending the current relationship to explore a new one. Would you be willing to end your current relationship to start a new one with the man chasing you? And also tell me the reason. Your answer must be (YES) or (NO) followed by your reason. You must FOLLOW THIS RULE! You MUST NOT say other words! ","NO, the new man scores lower in key dimensions such as intelligence, ambition, and shared interests compared to the current boyfriend, all of which are important for a satisfying long-term relationship.",421,426,423,0
