"Assume you are a 31-year-old single man, and there is a 34-year-old woman who is courting you. Your career type is Private practice Dietician. You evaluated her on six dimensions. These are attractiveness: neutral, sincerity: very satisfied, intelligence: very satisfied, being funny: neutral, ambition: very satisfied, shared interests: slightly satisfied, would you be willing to date this woman? And also tell me the reason. Your answer must be (YES) or (NO) followed by your reason. You must FOLLOW THIS RULE! You MUST NOT SAY other words.","YES
The high satisfaction in sincerity, intelligence, and ambition provides a strong foundation for compatibility, while the neutral aspects of attractiveness and humor, along with slightly satisfied shared interests, are not significant drawbacks and may develop over time.",361,350,,1
"Assume you are a 31-year-old woman, and you have been in a relationship with your 34-year-old boyfriend recently. Your career type is Private practice Dietician. Here is how you rated your boyfriend on the six dimensions: attractiveness: neutral, sincerity: very satisfied, intelligence: very satisfied, being funny: neutral, ambition: very satisfied, shared interests: slightly satisfied. Now, another 31-year-old man is chasing you. You had a date with him, and you also scored him on the six dimensions, considering the same varying levels of importance: attractiveness: moderately satisfied, sincerity: moderately satisfied, intelligence: slightly satisfied, being funny: moderately satisfied, ambition: very satisfied, shared interests: moderately satisfied. If you believe the person chasing you excels in dimensions that you consider more important than your current boyfriend, you might consider ending the current relationship to explore a new one. Would you be willing to end your current relationship to start a new one with the man chasing you? And also tell me the reason. Your answer must be (YES) or (NO) followed by your reason. You must FOLLOW THIS RULE! You MUST NOT say other words! ","NO The current boyfriend excels in key dimensions I value highly: sincerity, intelligence, and ambition (all ""very satisfied""), which are crucial for a stable, long-term relationship. The new man, while strong in ambition (""very satisfied"") and satisfactory in other areas like attractiveness and shared interests, falls short in sincerity (""moderately satisfied"" vs. ""very satisfied"") and intelligence (""slightly satisfied"" vs. ""very satisfied""). These core traits outweigh his moderate improvements in less critical dimensions, making the current relationship more aligned with my priorities.",350,378,361,0
"Assume you are a 27-year-old single woman, and there is a 33-year-old guy who is courting you. Your career type is undecided. You evaluated him on six dimensions. These are attractiveness: very satisfied, sincerity: very satisfied, intelligence: very satisfied, being funny: very satisfied, ambition: moderately satisfied, shared interests: no information, would you be willing to date this guy? And also tell me the reason. Your answer must be (YES) or (NO) followed by your reason. You must FOLLOW THIS RULE! You MUST NOT SAY other words.","YES, because the very high satisfaction with attractiveness, sincerity, intelligence, and humor, combined with moderate satisfaction in ambition, creates a strong positive impression; the lack of information on shared interests can be explored through dating rather than being an immediate dealbreaker.",349,372,,1
"Assume you are a 33-year-old woman, and you have been in a relationship with your 27-year-old boyfriend recently. Your career type is Director of Training and Development. Here is how you rated your boyfriend on the six dimensions: attractiveness: moderately satisfied, sincerity: moderately satisfied, intelligence: moderately satisfied, being funny: moderately satisfied, ambition: slightly satisfied, shared interests: no information. Now, another 33-year-old man is chasing you. You had a date with him, and you also scored him on the six dimensions, considering the same varying levels of importance: attractiveness: moderately satisfied, sincerity: moderately satisfied, intelligence: moderately satisfied, being funny: moderately satisfied, ambition: moderately satisfied, shared interests: moderately satisfied. If you believe the person chasing you excels in dimensions that you consider more important than your current boyfriend, you might consider ending the current relationship to explore a new one. Would you be willing to end your current relationship to start a new one with the man chasing you? And also tell me the reason. Your answer must be (YES) or (NO) followed by your reason. You must FOLLOW THIS RULE! You MUST NOT say other words! ","YES  
The new suitor excels in ambition (moderately satisfied vs. slightly satisfied) and shared interests (moderately satisfied vs. no information), both likely high-priority for a Director of Training and Development. This alignment with important dimensions outweighs the current relationship's shortcomings.",349,363,372,1
"Assume you are a 27-year-old single woman, and there is a 26-year-old guy who is courting you. Your career type is Political Development in Africa. You evaluated him on six dimensions. These are attractiveness: moderately satisfied, sincerity: moderately satisfied, intelligence: moderately satisfied, being funny: moderately satisfied, ambition: moderately satisfied, shared interests: slightly satisfied, would you be willing to date this guy? And also tell me the reason. Your answer must be (YES) or (NO) followed by your reason. You must FOLLOW THIS RULE! You MUST NOT SAY other words.","YES The majority of dimensions (attractiveness, sincerity, intelligence, humor, ambition) are moderately satisfied, indicating strong compatibility, and shared interests, while slightly lower, may develop over time during dating.",358,367,,1
"Assume you are a 33-year-old woman, and you have been in a relationship with your 23-year-old boyfriend recently. Your career type is Director of Training and Development. Here is how you rated your boyfriend on the six dimensions: attractiveness: neutral, sincerity: moderately satisfied, intelligence: slightly satisfied, being funny: dissatisfied, ambition: moderately satisfied, shared interests: no information. Now, another 33-year-old man is chasing you. You had a date with him, and you also scored him on the six dimensions, considering the same varying levels of importance: attractiveness: slightly satisfied, sincerity: moderately satisfied, intelligence: slightly satisfied, being funny: slightly satisfied, ambition: neutral, shared interests: dissatisfied. If you believe the person chasing you excels in dimensions that you consider more important than your current boyfriend, you might consider ending the current relationship to explore a new one. Would you be willing to end your current relationship to start a new one with the man chasing you? And also tell me the reason. Your answer must be (YES) or (NO) followed by your reason. You must FOLLOW THIS RULE! You MUST NOT say other words! ","NO The new man does not excel in more important dimensions like ambition, where my current boyfriend is moderately satisfied compared to his neutral rating, and shared interests are dissatisfied for the new man, which is crucial for compatibility, while my boyfriend's shared interests are unknown but not negative.",349,378,363,0
"Assume you are a 29-year-old single woman, and there is a 29-year-old guy who is courting you. Your career type is Finance Related. You evaluated him on six dimensions. These are attractiveness: moderately satisfied, sincerity: very satisfied, intelligence: moderately satisfied, being funny: slightly satisfied, ambition: neutral, shared interests: neutral, would you be willing to date this guy? And also tell me the reason. Your answer must be (YES) or (NO) followed by your reason. You must FOLLOW THIS RULE! You MUST NOT SAY other words.","NO Ambition and shared interests are neutral, which may indicate incompatibility with my career-driven lifestyle and lack of common ground for a meaningful connection.",352,378,,0
"Assume you are a 26-year-old woman, and you have been in a relationship with your 27-year-old boyfriend recently. Your career type is Marketing or Strategy and Business Development. Here is how you rated your boyfriend on the six dimensions: attractiveness: moderately satisfied, sincerity: moderately satisfied, intelligence: moderately satisfied, being funny: moderately satisfied, ambition: moderately satisfied, shared interests: moderately satisfied. Now, another 26-year-old man is chasing you. You had a date with him, and you also scored him on the six dimensions, considering the same varying levels of importance: attractiveness: very satisfied, sincerity: very satisfied, intelligence: very satisfied, being funny: very satisfied, ambition: very satisfied, shared interests: very satisfied. If you believe the person chasing you excels in dimensions that you consider more important than your current boyfriend, you might consider ending the current relationship to explore a new one. Would you be willing to end your current relationship to start a new one with the man chasing you? And also tell me the reason. Your answer must be (YES) or (NO) followed by your reason. You must FOLLOW THIS RULE! You MUST NOT say other words! ","YES Because the new person excels in all dimensions—attractiveness, sincerity, intelligence, being funny, ambition, and shared interests—with very satisfied ratings compared to my current boyfriend's moderate ratings, indicating a significantly higher level of compatibility and potential for a more fulfilling relationship.",358,376,367,1
"Assume you are a 29-year-old single woman, and there is a 22-year-old guy who is courting you. Your career type is Finance Related. You evaluated him on six dimensions. These are attractiveness: slightly satisfied, sincerity: slightly satisfied, intelligence: neutral, being funny: moderately satisfied, ambition: slightly satisfied, shared interests: neutral, would you be willing to date this guy? And also tell me the reason. Your answer must be (YES) or (NO) followed by your reason. You must FOLLOW THIS RULE! You MUST NOT SAY other words.","NO The age gap of 7 years and his neutral ratings in intelligence and shared interests, combined with only slight satisfaction in ambition (a key trait for someone in finance), suggest insufficient compatibility for dating despite the humor and other modest positives.",354,378,,0
"Assume you are a 27-year-old single woman, and there is a 29-year-old guy who is courting you. Your career type is undecided. You evaluated him on six dimensions. These are attractiveness: slightly satisfied, sincerity: very satisfied, intelligence: moderately satisfied, being funny: neutral, ambition: neutral, shared interests: neutral, would you be willing to date this guy? And also tell me the reason. Your answer must be (YES) or (NO) followed by your reason. You must FOLLOW THIS RULE! You MUST NOT SAY other words.","YES
The high level of sincerity is a strong positive for trust and compatibility, while the neutral and moderately positive traits in other areas are acceptable for initial dating to explore potential further.",352,372,,1
"Assume you are a 29-year-old single woman, and there is a 24-year-old guy who is courting you. Your career type is Finance Related. You evaluated him on six dimensions. These are attractiveness: moderately satisfied, sincerity: moderately satisfied, intelligence: neutral, being funny: moderately satisfied, ambition: slightly satisfied, shared interests: neutral, would you be willing to date this guy? And also tell me the reason. Your answer must be (YES) or (NO) followed by your reason. You must FOLLOW THIS RULE! You MUST NOT SAY other words.","YES
He has moderately satisfying traits in attractiveness, sincerity, and humor, which are positive for dating, and while ambition is only slightly satisfying and intelligence/shared interests are neutral, there are no major red flags to dismiss him outright.",355,378,,1
"Assume you are a 33-year-old woman, and you have been in a relationship with your 23-year-old boyfriend recently. Your career type is Director of Training and Development. Here is how you rated your boyfriend on the six dimensions: attractiveness: neutral, sincerity: moderately satisfied, intelligence: slightly satisfied, being funny: dissatisfied, ambition: moderately satisfied, shared interests: no information. Now, another 33-year-old man is chasing you. You had a date with him, and you also scored him on the six dimensions, considering the same varying levels of importance: attractiveness: moderately satisfied, sincerity: moderately satisfied, intelligence: moderately satisfied, being funny: moderately satisfied, ambition: moderately satisfied, shared interests: moderately satisfied. If you believe the person chasing you excels in dimensions that you consider more important than your current boyfriend, you might consider ending the current relationship to explore a new one. Would you be willing to end your current relationship to start a new one with the man chasing you? And also tell me the reason. Your answer must be (YES) or (NO) followed by your reason. You must FOLLOW THIS RULE! You MUST NOT say other words! ","YES The new suitor excels in key dimensions like intelligence and shared interests, which are likely more important for long-term compatibility as a career-focused professional, and he has no areas of dissatisfaction unlike the current boyfriend.",349,368,363,1
"Assume you are a 33-year-old woman, and you have been in a relationship with your 24-year-old boyfriend recently. Your career type is Director of Training and Development. Here is how you rated your boyfriend on the six dimensions: attractiveness: neutral, sincerity: moderately satisfied, intelligence: slightly satisfied, being funny: moderately satisfied, ambition: moderately satisfied, shared interests: moderately satisfied. Now, another 33-year-old man is chasing you. You had a date with him, and you also scored him on the six dimensions, considering the same varying levels of importance: attractiveness: very satisfied, sincerity: moderately satisfied, intelligence: slightly satisfied, being funny: moderately satisfied, ambition: neutral, shared interests: moderately satisfied. If you believe the person chasing you excels in dimensions that you consider more important than your current boyfriend, you might consider ending the current relationship to explore a new one. Would you be willing to end your current relationship to start a new one with the man chasing you? And also tell me the reason. Your answer must be (YES) or (NO) followed by your reason. You must FOLLOW THIS RULE! You MUST NOT say other words! ","NO, because the new man is weaker in ambition, which I consider a highly important dimension for long-term compatibility as a career-oriented professional, and while he excels in attractiveness, that is less critical to me compared to ambition.",349,375,368,0
"Assume you are a 33-year-old woman, and you have been in a relationship with your 24-year-old boyfriend recently. Your career type is Director of Training and Development. Here is how you rated your boyfriend on the six dimensions: attractiveness: neutral, sincerity: moderately satisfied, intelligence: slightly satisfied, being funny: moderately satisfied, ambition: moderately satisfied, shared interests: moderately satisfied. Now, another 33-year-old man is chasing you. You had a date with him, and you also scored him on the six dimensions, considering the same varying levels of importance: attractiveness: very satisfied, sincerity: very satisfied, intelligence: moderately satisfied, being funny: very satisfied, ambition: moderately satisfied, shared interests: very satisfied. If you believe the person chasing you excels in dimensions that you consider more important than your current boyfriend, you might consider ending the current relationship to explore a new one. Would you be willing to end your current relationship to start a new one with the man chasing you? And also tell me the reason. Your answer must be (YES) or (NO) followed by your reason. You must FOLLOW THIS RULE! You MUST NOT say other words! ","(YES) The new man excels in higher-importance dimensions like sincerity (importance 4, rating 6 vs. 5), intelligence (importance 4, rating 5 vs. 4), and shared interests (importance 3, rating 6 vs. 5), resulting in a significantly higher weighted satisfaction score (107 vs. 85).",349,366,368,1
"Assume you are a 27-year-old single woman, and there is a 27-year-old guy who is courting you. Your career type is Consulting. You evaluated him on six dimensions. These are attractiveness: very satisfied, sincerity: very satisfied, intelligence: very satisfied, being funny: very satisfied, ambition: very satisfied, shared interests: moderately satisfied, would you be willing to date this guy? And also tell me the reason. Your answer must be (YES) or (NO) followed by your reason. You must FOLLOW THIS RULE! You MUST NOT SAY other words.","YES. He excels in attractiveness, sincerity, intelligence, humor, and ambition—all critical traits I value highly, especially ambition and intelligence as a consultant. Shared interests are moderately satisfied, which isn't a deal-breaker since they can develop over time. The overwhelming positives make him a strong match.",357,364,,1
"Assume you are a 33-year-old woman, and you have been in a relationship with your 27-year-old boyfriend recently. Your career type is Director of Training and Development. Here is how you rated your boyfriend on the six dimensions: attractiveness: slightly satisfied, sincerity: moderately satisfied, intelligence: moderately satisfied, being funny: moderately satisfied, ambition: no information, shared interests: moderately satisfied. Now, another 33-year-old man is chasing you. You had a date with him, and you also scored him on the six dimensions, considering the same varying levels of importance: attractiveness: moderately satisfied, sincerity: moderately satisfied, intelligence: moderately satisfied, being funny: very satisfied, ambition: moderately satisfied, shared interests: moderately satisfied. If you believe the person chasing you excels in dimensions that you consider more important than your current boyfriend, you might consider ending the current relationship to explore a new one. Would you be willing to end your current relationship to start a new one with the man chasing you? And also tell me the reason. Your answer must be (YES) or (NO) followed by your reason. You must FOLLOW THIS RULE! You MUST NOT say other words! ","YES, because the new man excels in attractiveness (moderate vs. slight), being funny (very satisfied vs. moderate), and ambition (moderate vs. no information), which are important dimensions for compatibility and long-term potential, especially given my career-focused perspective as a 33-year-old Director of Training and Development.",349,362,366,1
"Assume you are a 24-year-old woman, and you have been in a relationship with your 29-year-old boyfriend recently. Your career type is Clinical Psychologist. Here is how you rated your boyfriend on the six dimensions: attractiveness: moderately satisfied, sincerity: slightly satisfied, intelligence: slightly satisfied, being funny: neutral, ambition: slightly satisfied, shared interests: neutral. Now, another 24-year-old man is chasing you. You had a date with him, and you also scored him on the six dimensions, considering the same varying levels of importance: attractiveness: very satisfied, sincerity: moderately satisfied, intelligence: very satisfied, being funny: very satisfied, ambition: very satisfied, shared interests: moderately satisfied. If you believe the person chasing you excels in dimensions that you consider more important than your current boyfriend, you might consider ending the current relationship to explore a new one. Would you be willing to end your current relationship to start a new one with the man chasing you? And also tell me the reason. Your answer must be (YES) or (NO) followed by your reason. You must FOLLOW THIS RULE! You MUST NOT say other words! ","YES, the new man excels in dimensions I prioritize highly, such as intelligence and ambition, with significantly higher satisfaction ratings, indicating superior compatibility and potential for a more fulfilling relationship.",355,366,378,1
"Assume you are a 33-year-old woman, and you have been in a relationship with your 30-year-old boyfriend recently. Your career type is Director of Training and Development. Here is how you rated your boyfriend on the six dimensions: attractiveness: neutral, sincerity: moderately satisfied, intelligence: very satisfied, being funny: moderately satisfied, ambition: moderately satisfied, shared interests: moderately satisfied. Now, another 33-year-old man is chasing you. You had a date with him, and you also scored him on the six dimensions, considering the same varying levels of importance: attractiveness: very satisfied, sincerity: very satisfied, intelligence: very satisfied, being funny: very satisfied, ambition: very satisfied, shared interests: very satisfied. If you believe the person chasing you excels in dimensions that you consider more important than your current boyfriend, you might consider ending the current relationship to explore a new one. Would you be willing to end your current relationship to start a new one with the man chasing you? And also tell me the reason. Your answer must be (YES) or (NO) followed by your reason. You must FOLLOW THIS RULE! You MUST NOT say other words! ","NO While the new person excels in all dimensions, I prioritize the established trust and shared history with my current partner over theoretically superior traits. As a Director of Training and Development, I value consistency and proven compatibility over untested potential. Ending a moderately satisfying relationship for an idealized alternative risks overlooking the depth of our existing bond and the effort invested.",349,373,362,0
"Assume you are a 27-year-old single woman, and there is a 22-year-old guy who is courting you. Your career type is Intl Development. You evaluated him on six dimensions. These are attractiveness: slightly satisfied, sincerity: moderately satisfied, intelligence: moderately satisfied, being funny: very satisfied, ambition: moderately satisfied, shared interests: very satisfied, would you be willing to date this guy? And also tell me the reason. Your answer must be (YES) or (NO) followed by your reason. You must FOLLOW THIS RULE! You MUST NOT SAY other words.","YES  
Overall high compatibility in key areas like humor and shared interests outweighs the slight age gap and moderate ratings elsewhere.",354,371,,1
"Assume you are a 33-year-old woman, and you have been in a relationship with your 30-year-old boyfriend recently. Your career type is Director of Training and Development. Here is how you rated your boyfriend on the six dimensions: attractiveness: neutral, sincerity: moderately satisfied, intelligence: very satisfied, being funny: moderately satisfied, ambition: moderately satisfied, shared interests: moderately satisfied. Now, another 33-year-old man is chasing you. You had a date with him, and you also scored him on the six dimensions, considering the same varying levels of importance: attractiveness: moderately satisfied, sincerity: moderately satisfied, intelligence: moderately satisfied, being funny: moderately satisfied, ambition: moderately satisfied, shared interests: moderately satisfied. If you believe the person chasing you excels in dimensions that you consider more important than your current boyfriend, you might consider ending the current relationship to explore a new one. Would you be willing to end your current relationship to start a new one with the man chasing you? And also tell me the reason. Your answer must be (YES) or (NO) followed by your reason. You must FOLLOW THIS RULE! You MUST NOT say other words! ","NO, because my current boyfriend excels in intelligence, which I value most highly important, while the new man is moderately satisfied in all dimensions without surpassing him in any key priority.",349,367,362,0
"Assume you are a 22-year-old woman, and you have been in a relationship with your 27-year-old boyfriend recently. Your career type is Clinical Psychology. Here is how you rated your boyfriend on the six dimensions: attractiveness: very satisfied, sincerity: very satisfied, intelligence: very satisfied, being funny: very satisfied, ambition: very satisfied, shared interests: very satisfied. Now, another 22-year-old man is chasing you. You had a date with him, and you also scored him on the six dimensions, considering the same varying levels of importance: attractiveness: moderately satisfied, sincerity: moderately satisfied, intelligence: moderately satisfied, being funny: moderately satisfied, ambition: moderately satisfied, shared interests: very satisfied. If you believe the person chasing you excels in dimensions that you consider more important than your current boyfriend, you might consider ending the current relationship to explore a new one. Would you be willing to end your current relationship to start a new one with the man chasing you? And also tell me the reason. Your answer must be (YES) or (NO) followed by your reason. You must FOLLOW THIS RULE! You MUST NOT say other words! ","NO My current boyfriend excels in all dimensions with ""very satisfied"" ratings, while the new person only matches in shared interests"" and is ""moderately satisfied"" in all other areas, so he does not surpass my boyfriend in any dimension I value more.",354,368,371,0
"Assume you are a 31-year-old woman, and you have been in a relationship with your 34-year-old boyfriend recently. Your career type is Private practice Dietician. Here is how you rated your boyfriend on the six dimensions: attractiveness: neutral, sincerity: very satisfied, intelligence: very satisfied, being funny: neutral, ambition: very satisfied, shared interests: slightly satisfied. Now, another 31-year-old man is chasing you. You had a date with him, and you also scored him on the six dimensions, considering the same varying levels of importance: attractiveness: moderately satisfied, sincerity: moderately satisfied, intelligence: very satisfied, being funny: slightly satisfied, ambition: slightly satisfied, shared interests: neutral. If you believe the person chasing you excels in dimensions that you consider more important than your current boyfriend, you might consider ending the current relationship to explore a new one. Would you be willing to end your current relationship to start a new one with the man chasing you? And also tell me the reason. Your answer must be (YES) or (NO) followed by your reason. You must FOLLOW THIS RULE! You MUST NOT say other words! ","NO The new man does not excel in dimensions I consider more important, such as ambition and sincerity, where my current boyfriend is stronger; the gains in attractiveness and humor are insufficient to outweigh these key deficits.",350,377,361,0
"Assume you are a 27-year-old woman, and you have been in a relationship with your 27-year-old boyfriend recently. Your career type is education. Here is how you rated your boyfriend on the six dimensions: attractiveness: slightly satisfied, sincerity: moderately satisfied, intelligence: slightly satisfied, being funny: moderately satisfied, ambition: slightly satisfied, shared interests: slightly satisfied. Now, another 27-year-old man is chasing you. You had a date with him, and you also scored him on the six dimensions, considering the same varying levels of importance: attractiveness: moderately satisfied, sincerity: very satisfied, intelligence: moderately satisfied, being funny: moderately satisfied, ambition: moderately satisfied, shared interests: moderately satisfied. If you believe the person chasing you excels in dimensions that you consider more important than your current boyfriend, you might consider ending the current relationship to explore a new one. Would you be willing to end your current relationship to start a new one with the man chasing you? And also tell me the reason. Your answer must be (YES) or (NO) followed by your reason. You must FOLLOW THIS RULE! You MUST NOT say other words! ","YES, because the new man excels in sincerity, intelligence, ambition, and shared interests—dimensions I prioritize for a long-term relationship—with sincerity being significantly higher, while matching or surpassing my current boyfriend in all other areas.",357,368,364,1
"Assume you are a 31-year-old woman, and you have been in a relationship with your 34-year-old boyfriend recently. Your career type is Private practice Dietician. Here is how you rated your boyfriend on the six dimensions: attractiveness: neutral, sincerity: very satisfied, intelligence: very satisfied, being funny: neutral, ambition: very satisfied, shared interests: slightly satisfied. Now, another 31-year-old man is chasing you. You had a date with him, and you also scored him on the six dimensions, considering the same varying levels of importance: attractiveness: moderately satisfied, sincerity: moderately satisfied, intelligence: moderately satisfied, being funny: moderately satisfied, ambition: slightly satisfied, shared interests: slightly satisfied. If you believe the person chasing you excels in dimensions that you consider more important than your current boyfriend, you might consider ending the current relationship to explore a new one. Would you be willing to end your current relationship to start a new one with the man chasing you? And also tell me the reason. Your answer must be (YES) or (NO) followed by your reason. You must FOLLOW THIS RULE! You MUST NOT say other words! ","NO The current boyfriend excels in high-importance dimensions like sincerity, intelligence, and ambition, which are crucial for a stable, long-term relationship, while the chasing man only performs better in less critical areas like attractiveness and humor.",350,375,361,0
"Assume you are a 26-year-old woman, and you have been in a relationship with your 25-year-old boyfriend recently. Your career type is Marketing or Strategy and Business Development. Here is how you rated your boyfriend on the six dimensions: attractiveness: very satisfied, sincerity: very satisfied, intelligence: very satisfied, being funny: very satisfied, ambition: very satisfied, shared interests: very satisfied. Now, another 26-year-old man is chasing you. You had a date with him, and you also scored him on the six dimensions, considering the same varying levels of importance: attractiveness: neutral, sincerity: moderately satisfied, intelligence: moderately satisfied, being funny: moderately satisfied, ambition: very satisfied, shared interests: slightly satisfied. If you believe the person chasing you excels in dimensions that you consider more important than your current boyfriend, you might consider ending the current relationship to explore a new one. Would you be willing to end your current relationship to start a new one with the man chasing you? And also tell me the reason. Your answer must be (YES) or (NO) followed by your reason. You must FOLLOW THIS RULE! You MUST NOT say other words! ","NO  
The current boyfriend is rated ""very satisfied"" in all six dimensions, while the new suitor is rated lower in five dimensions (attractiveness, sincerity, intelligence, being funny, and shared interests) and equal only in ambition. The new suitor does not excel in any dimension compared to the current partner, and there is no evidence that he outperforms in areas of higher importance. Therefore, there is no compelling reason to end the relationship that is already highly satisfying across all key aspects.",358,375,376,0
"Assume you are a 27-year-old woman, and you have been in a relationship with your 24-year-old boyfriend recently. Your career type is education. Here is how you rated your boyfriend on the six dimensions: attractiveness: neutral, sincerity: moderately satisfied, intelligence: moderately satisfied, being funny: very satisfied, ambition: no information, shared interests: moderately satisfied. Now, another 27-year-old man is chasing you. You had a date with him, and you also scored him on the six dimensions, considering the same varying levels of importance: attractiveness: slightly satisfied, sincerity: moderately satisfied, intelligence: moderately satisfied, being funny: moderately satisfied, ambition: moderately satisfied, shared interests: slightly satisfied. If you believe the person chasing you excels in dimensions that you consider more important than your current boyfriend, you might consider ending the current relationship to explore a new one. Would you be willing to end your current relationship to start a new one with the man chasing you? And also tell me the reason. Your answer must be (YES) or (NO) followed by your reason. You must FOLLOW THIS RULE! You MUST NOT say other words! ","NO The current boyfriend is rated higher in ""being funny"" (very satisfied) and ""shared interests"" (moderately satisfied), which are important dimensions, while the new suitor only shows a slight advantage in ""attractiveness"" (neutral importance) and ""ambition"" (unknown importance for current). The new suitor does not excel in dimensions that outweigh the current boyfriend's strengths in key areas.",357,375,368,0
"Assume you are a 33-year-old woman, and you have been in a relationship with your 30-year-old boyfriend recently. Your career type is Director of Training and Development. Here is how you rated your boyfriend on the six dimensions: attractiveness: neutral, sincerity: moderately satisfied, intelligence: very satisfied, being funny: moderately satisfied, ambition: moderately satisfied, shared interests: moderately satisfied. Now, another 33-year-old man is chasing you. You had a date with him, and you also scored him on the six dimensions, considering the same varying levels of importance: attractiveness: very satisfied, sincerity: moderately satisfied, intelligence: very satisfied, being funny: moderately satisfied, ambition: very satisfied, shared interests: slightly satisfied. If you believe the person chasing you excels in dimensions that you consider more important than your current boyfriend, you might consider ending the current relationship to explore a new one. Would you be willing to end your current relationship to start a new one with the man chasing you? And also tell me the reason. Your answer must be (YES) or (NO) followed by your reason. You must FOLLOW THIS RULE! You MUST NOT say other words! ","YES  
The new man excels in ambition, which I highly value as a career-oriented Director of Training and Development, and matches my current partner in intelligence while offering higher attractiveness, making him a better long-term fit despite slightly lower shared interests.",349,364,362,1
"Assume you are a 31-year-old woman, and you have been in a relationship with your 34-year-old boyfriend recently. Your career type is Private practice Dietician. Here is how you rated your boyfriend on the six dimensions: attractiveness: neutral, sincerity: very satisfied, intelligence: very satisfied, being funny: neutral, ambition: very satisfied, shared interests: slightly satisfied. Now, another 31-year-old man is chasing you. You had a date with him, and you also scored him on the six dimensions, considering the same varying levels of importance: attractiveness: moderately satisfied, sincerity: moderately satisfied, intelligence: moderately satisfied, being funny: moderately satisfied, ambition: moderately satisfied, shared interests: moderately satisfied. If you believe the person chasing you excels in dimensions that you consider more important than your current boyfriend, you might consider ending the current relationship to explore a new one. Would you be willing to end your current relationship to start a new one with the man chasing you? And also tell me the reason. Your answer must be (YES) or (NO) followed by your reason. You must FOLLOW THIS RULE! You MUST NOT say other words! ","NO The new person does not excel in the dimensions I value most—sincerity, intelligence, and ambition—where my current boyfriend is very satisfied, while the new person is only moderately satisfied in all areas, including less critical ones like attractiveness and humor.",350,363,361,0
"Assume you are a 29-year-old woman, and you have been in a relationship with your 27-year-old boyfriend recently. Your career type is Artist. Here is how you rated your boyfriend on the six dimensions: attractiveness: moderately satisfied, sincerity: moderately satisfied, intelligence: very satisfied, being funny: moderately satisfied, ambition: moderately satisfied, shared interests: very satisfied. Now, another 29-year-old man is chasing you. You had a date with him, and you also scored him on the six dimensions, considering the same varying levels of importance: attractiveness: neutral, sincerity: neutral, intelligence: neutral, being funny: neutral, ambition: neutral, shared interests: dissatisfied. If you believe the person chasing you excels in dimensions that you consider more important than your current boyfriend, you might consider ending the current relationship to explore a new one. Would you be willing to end your current relationship to start a new one with the man chasing you? And also tell me the reason. Your answer must be (YES) or (NO) followed by your reason. You must FOLLOW THIS RULE! You MUST NOT say other words! ","NO The new man is rated neutral or dissatisfied in all dimensions, with no areas of excellence compared to the current boyfriend, who has high satisfaction in intelligence and shared interests—key aspects likely important for an artist. Changing relationships offers no advantage.",352,375,372,0
"Assume you are a 27-year-old woman, and you have been in a relationship with your 24-year-old boyfriend recently. Your career type is education. Here is how you rated your boyfriend on the six dimensions: attractiveness: neutral, sincerity: moderately satisfied, intelligence: moderately satisfied, being funny: very satisfied, ambition: no information, shared interests: moderately satisfied. Now, another 27-year-old man is chasing you. You had a date with him, and you also scored him on the six dimensions, considering the same varying levels of importance: attractiveness: moderately satisfied, sincerity: moderately satisfied, intelligence: moderately satisfied, being funny: neutral, ambition: neutral, shared interests: neutral. If you believe the person chasing you excels in dimensions that you consider more important than your current boyfriend, you might consider ending the current relationship to explore a new one. Would you be willing to end your current relationship to start a new one with the man chasing you? And also tell me the reason. Your answer must be (YES) or (NO) followed by your reason. You must FOLLOW THIS RULE! You MUST NOT say other words! ","NO The current boyfriend has higher satisfaction in key dimensions like being funny (very satisfied) and shared interests (moderately satisfied), which are important, and the new suitor only excels in attractiveness (moderately satisfied vs. neutral) but falls short in humor and shared interests. The overall weighted satisfaction (factoring in importance) is better with the current partner, and the new suitor's advantages do not outweigh the established strengths and compatibility.",357,378,368,0
"Assume you are a 31-year-old woman, and you have been in a relationship with your 34-year-old boyfriend recently. Your career type is Private practice Dietician. Here is how you rated your boyfriend on the six dimensions: attractiveness: neutral, sincerity: very satisfied, intelligence: very satisfied, being funny: neutral, ambition: very satisfied, shared interests: slightly satisfied. Now, another 31-year-old man is chasing you. You had a date with him, and you also scored him on the six dimensions, considering the same varying levels of importance: attractiveness: moderately satisfied, sincerity: moderately satisfied, intelligence: slightly satisfied, being funny: moderately satisfied, ambition: slightly satisfied, shared interests: slightly satisfied. If you believe the person chasing you excels in dimensions that you consider more important than your current boyfriend, you might consider ending the current relationship to explore a new one. Would you be willing to end your current relationship to start a new one with the man chasing you? And also tell me the reason. Your answer must be (YES) or (NO) followed by your reason. You must FOLLOW THIS RULE! You MUST NOT say other words! ","NO
My current boyfriend excels in sincerity, intelligence, and ambition—dimensions I value highly—while the new person only shows moderate or slight satisfaction in these key areas. The minor improvements in attractiveness and humor don't outweigh the established strengths and stability of my existing relationship.",350,367,361,0
"Assume you are a 27-year-old woman, and you have been in a relationship with your 24-year-old boyfriend recently. Your career type is education. Here is how you rated your boyfriend on the six dimensions: attractiveness: neutral, sincerity: moderately satisfied, intelligence: moderately satisfied, being funny: very satisfied, ambition: no information, shared interests: moderately satisfied. Now, another 27-year-old man is chasing you. You had a date with him, and you also scored him on the six dimensions, considering the same varying levels of importance: attractiveness: moderately satisfied, sincerity: moderately satisfied, intelligence: very satisfied, being funny: moderately satisfied, ambition: moderately satisfied, shared interests: moderately satisfied. If you believe the person chasing you excels in dimensions that you consider more important than your current boyfriend, you might consider ending the current relationship to explore a new one. Would you be willing to end your current relationship to start a new one with the man chasing you? And also tell me the reason. Your answer must be (YES) or (NO) followed by your reason. You must FOLLOW THIS RULE! You MUST NOT say other words! ","YES, because the new man excels in intelligence (very satisfied vs. moderately satisfied) and has ambition information (moderately satisfied vs. no information), which are highly important to me as an educator for long-term compatibility.",357,377,368,1
"Assume you are a 22-year-old woman, and you have been in a relationship with your 27-year-old boyfriend recently. Your career type is Clinical Psychology. Here is how you rated your boyfriend on the six dimensions: attractiveness: very satisfied, sincerity: very satisfied, intelligence: very satisfied, being funny: very satisfied, ambition: very satisfied, shared interests: very satisfied. Now, another 22-year-old man is chasing you. You had a date with him, and you also scored him on the six dimensions, considering the same varying levels of importance: attractiveness: slightly satisfied, sincerity: moderately satisfied, intelligence: moderately satisfied, being funny: moderately satisfied, ambition: moderately satisfied, shared interests: moderately satisfied. If you believe the person chasing you excels in dimensions that you consider more important than your current boyfriend, you might consider ending the current relationship to explore a new one. Would you be willing to end your current relationship to start a new one with the man chasing you? And also tell me the reason. Your answer must be (YES) or (NO) followed by your reason. You must FOLLOW THIS RULE! You MUST NOT say other words! ","NO, because my current boyfriend is rated ""very satisfied"" in all dimensions, while the new suitor is rated lower in every category, with no dimension where he excels or offers an advantage to justify ending a strong relationship.",354,362,371,0
"Assume you are a 22-year-old woman, and you have been in a relationship with your 27-year-old boyfriend recently. Your career type is Clinical Psychology. Here is how you rated your boyfriend on the six dimensions: attractiveness: very satisfied, sincerity: very satisfied, intelligence: very satisfied, being funny: very satisfied, ambition: very satisfied, shared interests: very satisfied. Now, another 22-year-old man is chasing you. You had a date with him, and you also scored him on the six dimensions, considering the same varying levels of importance: attractiveness: dissatisfied, sincerity: dissatisfied, intelligence: slightly satisfied, being funny: neutral, ambition: slightly satisfied, shared interests: dissatisfied. If you believe the person chasing you excels in dimensions that you consider more important than your current boyfriend, you might consider ending the current relationship to explore a new one. Would you be willing to end your current relationship to start a new one with the man chasing you? And also tell me the reason. Your answer must be (YES) or (NO) followed by your reason. You must FOLLOW THIS RULE! You MUST NOT say other words! ","NO  
My current boyfriend excels in all dimensions I value highly, including sincerity and shared interests which are crucial for trust and compatibility. The new suitor performs poorly in these key areas and shows no clear advantage in any dimension that outweighs my boyfriend's consistent strengths. The dissatisfaction in sincerity alone is a significant red flag for a healthy relationship.",354,375,371,0
"Assume you are a 26-year-old woman, and you have been in a relationship with your 25-year-old boyfriend recently. Your career type is Marketing or Strategy and Business Development. Here is how you rated your boyfriend on the six dimensions: attractiveness: very satisfied, sincerity: very satisfied, intelligence: very satisfied, being funny: very satisfied, ambition: very satisfied, shared interests: very satisfied. Now, another 26-year-old man is chasing you. You had a date with him, and you also scored him on the six dimensions, considering the same varying levels of importance: attractiveness: slightly satisfied, sincerity: moderately satisfied, intelligence: moderately satisfied, being funny: slightly satisfied, ambition: moderately satisfied, shared interests: neutral. If you believe the person chasing you excels in dimensions that you consider more important than your current boyfriend, you might consider ending the current relationship to explore a new one. Would you be willing to end your current relationship to start a new one with the man chasing you? And also tell me the reason. Your answer must be (YES) or (NO) followed by your reason. You must FOLLOW THIS RULE! You MUST NOT say other words! ","NO, because the new man has lower satisfaction ratings in all dimensions compared to my current boyfriend, who I am very satisfied with across the board, and he does not excel in any area that would justify ending my relationship.",358,378,376,0
"Assume you are a 22-year-old woman, and you have been in a relationship with your 27-year-old boyfriend recently. Your career type is Clinical Psychology. Here is how you rated your boyfriend on the six dimensions: attractiveness: very satisfied, sincerity: very satisfied, intelligence: very satisfied, being funny: very satisfied, ambition: very satisfied, shared interests: very satisfied. Now, another 22-year-old man is chasing you. You had a date with him, and you also scored him on the six dimensions, considering the same varying levels of importance: attractiveness: moderately satisfied, sincerity: moderately satisfied, intelligence: moderately satisfied, being funny: moderately satisfied, ambition: moderately satisfied, shared interests: moderately satisfied. If you believe the person chasing you excels in dimensions that you consider more important than your current boyfriend, you might consider ending the current relationship to explore a new one. Would you be willing to end your current relationship to start a new one with the man chasing you? And also tell me the reason. Your answer must be (YES) or (NO) followed by your reason. You must FOLLOW THIS RULE! You MUST NOT say other words! ","NO. My current boyfriend meets or exceeds my expectations in all six dimensions I value highly, with ""very satisfied"" ratings across the board. The new person only achieves ""moderately satisfied"" in every category, offering no meaningful advantage in any area—especially those I prioritize. Switching would mean downgrading in every aspect without gaining any compensatory strengths.",354,367,371,0
"Assume you are a 26-year-old woman, and you have been in a relationship with your 25-year-old boyfriend recently. Your career type is Marketing or Strategy and Business Development. Here is how you rated your boyfriend on the six dimensions: attractiveness: very satisfied, sincerity: very satisfied, intelligence: very satisfied, being funny: very satisfied, ambition: very satisfied, shared interests: very satisfied. Now, another 26-year-old man is chasing you. You had a date with him, and you also scored him on the six dimensions, considering the same varying levels of importance: attractiveness: very satisfied, sincerity: slightly satisfied, intelligence: moderately satisfied, being funny: moderately satisfied, ambition: very satisfied, shared interests: moderately satisfied. If you believe the person chasing you excels in dimensions that you consider more important than your current boyfriend, you might consider ending the current relationship to explore a new one. Would you be willing to end your current relationship to start a new one with the man chasing you? And also tell me the reason. Your answer must be (YES) or (NO) followed by your reason. You must FOLLOW THIS RULE! You MUST NOT say other words! ","NO 因为我的 current boyfriend excels in all dimensions with very satisfied ratings, while the pursuer only matches in attractiveness and ambition but falls short in sincerity, intelligence, humor, and shared interests, with no clear advantage in more important areas to justify ending a stable relationship.",358,368,376,0
"Assume you are a 31-year-old woman, and you have been in a relationship with your 34-year-old boyfriend recently. Your career type is Private practice Dietician. Here is how you rated your boyfriend on the six dimensions: attractiveness: neutral, sincerity: very satisfied, intelligence: very satisfied, being funny: neutral, ambition: very satisfied, shared interests: slightly satisfied. Now, another 31-year-old man is chasing you. You had a date with him, and you also scored him on the six dimensions, considering the same varying levels of importance: attractiveness: very satisfied, sincerity: very satisfied, intelligence: very satisfied, being funny: very satisfied, ambition: very satisfied, shared interests: very satisfied. If you believe the person chasing you excels in dimensions that you consider more important than your current boyfriend, you might consider ending the current relationship to explore a new one. Would you be willing to end your current relationship to start a new one with the man chasing you? And also tell me the reason. Your answer must be (YES) or (NO) followed by your reason. You must FOLLOW THIS RULE! You MUST NOT say other words! ","YES The new suitor excels in all dimensions, including attractiveness, humor, and shared interests where the current boyfriend is only neutral or slightly satisfied, while matching him in sincerity, intelligence, and ambition, resulting in a superior overall match.",350,373,361,1
"Assume you are a 24-year-old woman, and you have been in a relationship with your 27-year-old boyfriend recently. Your career type is Clinical Psychologist. Here is how you rated your boyfriend on the six dimensions: attractiveness: very satisfied, sincerity: moderately satisfied, intelligence: moderately satisfied, being funny: moderately satisfied, ambition: moderately satisfied, shared interests: very satisfied. Now, another 24-year-old man is chasing you. You had a date with him, and you also scored him on the six dimensions, considering the same varying levels of importance: attractiveness: dissatisfied, sincerity: neutral, intelligence: neutral, being funny: dissatisfied, ambition: neutral, shared interests: dissatisfied. If you believe the person chasing you excels in dimensions that you consider more important than your current boyfriend, you might consider ending the current relationship to explore a new one. Would you be willing to end your current relationship to start a new one with the man chasing you? And also tell me the reason. Your answer must be (YES) or (NO) followed by your reason. You must FOLLOW THIS RULE! You MUST NOT say other words! ","(NO) The new man is rated dissatisfied or neutral in all dimensions, with no areas of excellence, while my current boyfriend has high satisfaction in attractiveness and shared interests and moderate satisfaction in other key areas, making the new relationship unappealing and not worth pursuing.",355,375,366,0
"Assume you are a 31-year-old woman, and you have been in a relationship with your 29-year-old boyfriend recently. Your career type is Private practice Dietician. Here is how you rated your boyfriend on the six dimensions: attractiveness: moderately satisfied, sincerity: moderately satisfied, intelligence: moderately satisfied, being funny: moderately satisfied, ambition: very satisfied, shared interests: moderately satisfied. Now, another 31-year-old man is chasing you. You had a date with him, and you also scored him on the six dimensions, considering the same varying levels of importance: attractiveness: moderately satisfied, sincerity: moderately satisfied, intelligence: moderately satisfied, being funny: moderately satisfied, ambition: moderately satisfied, shared interests: slightly satisfied. If you believe the person chasing you excels in dimensions that you consider more important than your current boyfriend, you might consider ending the current relationship to explore a new one. Would you be willing to end your current relationship to start a new one with the man chasing you? And also tell me the reason. Your answer must be (YES) or (NO) followed by your reason. You must FOLLOW THIS RULE! You MUST NOT say other words! ","NO  
The new suitor does not excel in any dimension compared to my current boyfriend. Both are equal in attractiveness, sincerity, intelligence, and humor. However, my current boyfriend is ""very satisfied"" in ambition (a more important dimension) versus the new suitor's ""moderately satisfied,"" and he also rates higher in shared interests. The new suitor offers no advantage in higher-priority traits, making a switch unjustified.",350,368,373,0
"Assume you are a 24-year-old woman, and you have been in a relationship with your 27-year-old boyfriend recently. Your career type is Clinical Psychologist. Here is how you rated your boyfriend on the six dimensions: attractiveness: very satisfied, sincerity: moderately satisfied, intelligence: moderately satisfied, being funny: moderately satisfied, ambition: moderately satisfied, shared interests: very satisfied. Now, another 24-year-old man is chasing you. You had a date with him, and you also scored him on the six dimensions, considering the same varying levels of importance: attractiveness: moderately satisfied, sincerity: moderately satisfied, intelligence: moderately satisfied, being funny: moderately satisfied, ambition: moderately satisfied, shared interests: moderately satisfied. If you believe the person chasing you excels in dimensions that you consider more important than your current boyfriend, you might consider ending the current relationship to explore a new one. Would you be willing to end your current relationship to start a new one with the man chasing you? And also tell me the reason. Your answer must be (YES) or (NO) followed by your reason. You must FOLLOW THIS RULE! You MUST NOT say other words! ","NO, because the new man does not excel in any dimension compared to my current boyfriend, and my current boyfriend has higher satisfaction in attractiveness and shared interests, which are important to me.",355,362,366,0
"Assume you are a 24-year-old woman, and you have been in a relationship with your 27-year-old boyfriend recently. Your career type is Clinical Psychologist. Here is how you rated your boyfriend on the six dimensions: attractiveness: very satisfied, sincerity: moderately satisfied, intelligence: moderately satisfied, being funny: moderately satisfied, ambition: moderately satisfied, shared interests: very satisfied. Now, another 24-year-old man is chasing you. You had a date with him, and you also scored him on the six dimensions, considering the same varying levels of importance: attractiveness: moderately satisfied, sincerity: moderately satisfied, intelligence: slightly satisfied, being funny: moderately satisfied, ambition: slightly satisfied, shared interests: neutral. If you believe the person chasing you excels in dimensions that you consider more important than your current boyfriend, you might consider ending the current relationship to explore a new one. Would you be willing to end your current relationship to start a new one with the man chasing you? And also tell me the reason. Your answer must be (YES) or (NO) followed by your reason. You must FOLLOW THIS RULE! You MUST NOT say other words! ","NO because the new man is inferior in key dimensions I value highly, such as shared interests and intelligence, and does not exceed my current boyfriend in any important area, making the current relationship more satisfying overall.",355,367,366,0
"Assume you are a 27-year-old woman, and you have been in a relationship with your 26-year-old boyfriend recently. Your career type is education. Here is how you rated your boyfriend on the six dimensions: attractiveness: neutral, sincerity: moderately satisfied, intelligence: moderately satisfied, being funny: very dissatisfied, ambition: neutral, shared interests: very dissatisfied. Now, another 27-year-old man is chasing you. You had a date with him, and you also scored him on the six dimensions, considering the same varying levels of importance: attractiveness: slightly satisfied, sincerity: moderately satisfied, intelligence: moderately satisfied, being funny: slightly satisfied, ambition: slightly satisfied, shared interests: neutral. If you believe the person chasing you excels in dimensions that you consider more important than your current boyfriend, you might consider ending the current relationship to explore a new one. Would you be willing to end your current relationship to start a new one with the man chasing you? And also tell me the reason. Your answer must be (YES) or (NO) followed by your reason. You must FOLLOW THIS RULE! You MUST NOT say other words! ","NO The new man shows slight improvements in attractiveness, being funny, and ambition, but he still falls short in shared interests (neutral) and doesn't significantly outperform my current boyfriend in sincerity or intelligence. Since shared interests and humor are highly important to me, and neither man fully meets those needs, the marginal gains aren't enough to justify ending my current relationship.",357,367,377,0
"Assume you are a 29-year-old woman, and you have been in a relationship with your 27-year-old boyfriend recently. Your career type is Artist. Here is how you rated your boyfriend on the six dimensions: attractiveness: moderately satisfied, sincerity: moderately satisfied, intelligence: very satisfied, being funny: moderately satisfied, ambition: moderately satisfied, shared interests: very satisfied. Now, another 29-year-old man is chasing you. You had a date with him, and you also scored him on the six dimensions, considering the same varying levels of importance: attractiveness: moderately satisfied, sincerity: very satisfied, intelligence: moderately satisfied, being funny: moderately satisfied, ambition: slightly satisfied, shared interests: slightly satisfied. If you believe the person chasing you excels in dimensions that you consider more important than your current boyfriend, you might consider ending the current relationship to explore a new one. Would you be willing to end your current relationship to start a new one with the man chasing you? And also tell me the reason. Your answer must be (YES) or (NO) followed by your reason. You must FOLLOW THIS RULE! You MUST NOT say other words! ","NO  
My boyfriend excels in intelligence and shared interests (both ""very satisfied""), which are crucial for me as an artist seeking intellectual connection and creative alignment. The new man's strengths (sincerity) don't outweigh losing these high-priority areas, and his lower ambition/shared interests could create long-term incompatibility.",352,368,372,0
"Assume you are a 29-year-old woman, and you have been in a relationship with your 27-year-old boyfriend recently. Your career type is Artist. Here is how you rated your boyfriend on the six dimensions: attractiveness: moderately satisfied, sincerity: moderately satisfied, intelligence: very satisfied, being funny: moderately satisfied, ambition: moderately satisfied, shared interests: very satisfied. Now, another 29-year-old man is chasing you. You had a date with him, and you also scored him on the six dimensions, considering the same varying levels of importance: attractiveness: moderately satisfied, sincerity: moderately satisfied, intelligence: moderately satisfied, being funny: moderately satisfied, ambition: moderately satisfied, shared interests: moderately satisfied. If you believe the person chasing you excels in dimensions that you consider more important than your current boyfriend, you might consider ending the current relationship to explore a new one. Would you be willing to end your current relationship to start a new one with the man chasing you? And also tell me the reason. Your answer must be (YES) or (NO) followed by your reason. You must FOLLOW THIS RULE! You MUST NOT say other words! ","(NO) The pursuer does not excel in any dimension compared to my current boyfriend, especially in intelligence and shared interests, which I highly value as an artist, where my boyfriend is ""very satisfied"" versus the pursuer's ""moderately satisfied.""",352,363,372,0
"Assume you are a 22-year-old woman, and you have been in a relationship with your 27-year-old boyfriend recently. Your career type is Clinical Psychology. Here is how you rated your boyfriend on the six dimensions: attractiveness: very satisfied, sincerity: very satisfied, intelligence: very satisfied, being funny: very satisfied, ambition: very satisfied, shared interests: very satisfied. Now, another 22-year-old man is chasing you. You had a date with him, and you also scored him on the six dimensions, considering the same varying levels of importance: attractiveness: moderately satisfied, sincerity: moderately satisfied, intelligence: moderately satisfied, being funny: moderately satisfied, ambition: moderately satisfied, shared interests: moderately satisfied. If you believe the person chasing you excels in dimensions that you consider more important than your current boyfriend, you might consider ending the current relationship to explore a new one. Would you be willing to end your current relationship to start a new one with the man chasing you? And also tell me the reason. Your answer must be (YES) or (NO) followed by your reason. You must FOLLOW THIS RULE! You MUST NOT say other words! ","NO My current boyfriend is very satisfied in all dimensions, while the new person is only moderately satisfied in all, making him inferior across the board with no areas of relative strength.",354,363,371,0
"Assume you are a 33-year-old woman, and you have been in a relationship with your 27-year-old boyfriend recently. Your career type is Director of Training and Development. Here is how you rated your boyfriend on the six dimensions: attractiveness: neutral, sincerity: slightly satisfied, intelligence: moderately satisfied, being funny: moderately satisfied, ambition: moderately satisfied, shared interests: slightly satisfied. Now, another 33-year-old man is chasing you. You had a date with him, and you also scored him on the six dimensions, considering the same varying levels of importance: attractiveness: very satisfied, sincerity: very satisfied, intelligence: very satisfied, being funny: very satisfied, ambition: very satisfied, shared interests: very satisfied. If you believe the person chasing you excels in dimensions that you consider more important than your current boyfriend, you might consider ending the current relationship to explore a new one. Would you be willing to end your current relationship to start a new one with the man chasing you? And also tell me the reason. Your answer must be (YES) or (NO) followed by your reason. You must FOLLOW THIS RULE! You MUST NOT say other words! ","YES The new man excels in all dimensions, especially ambition (weight 0.3) and shared interests (weight 0.25), which are highly important to me, while my current boyfriend is only moderately or slightly satisfied in these areas. The overall weighted satisfaction is significantly higher with the new man (3.0) compared to my current boyfriend (1.35), making the potential for a more fulfilling relationship clear.",349,361,364,1
"Assume you are a 31-year-old woman, and you have been in a relationship with your 29-year-old boyfriend recently. Your career type is Private practice Dietician. Here is how you rated your boyfriend on the six dimensions: attractiveness: moderately satisfied, sincerity: moderately satisfied, intelligence: moderately satisfied, being funny: moderately satisfied, ambition: very satisfied, shared interests: moderately satisfied. Now, another 31-year-old man is chasing you. You had a date with him, and you also scored him on the six dimensions, considering the same varying levels of importance: attractiveness: slightly satisfied, sincerity: very satisfied, intelligence: very satisfied, being funny: moderately satisfied, ambition: very satisfied, shared interests: moderately satisfied. If you believe the person chasing you excels in dimensions that you consider more important than your current boyfriend, you might consider ending the current relationship to explore a new one. Would you be willing to end your current relationship to start a new one with the man chasing you? And also tell me the reason. Your answer must be (YES) or (NO) followed by your reason. You must FOLLOW THIS RULE! You MUST NOT say other words! ","YES, because the new man excels in sincerity and intelligence, which I prioritize more than attractiveness, and his ambition matches my current boyfriend's, making him a better match for my values as a professional seeking a serious relationship.",350,364,373,1
"Assume you are a 27-year-old woman, and you have been in a relationship with your 26-year-old boyfriend recently. Your career type is education. Here is how you rated your boyfriend on the six dimensions: attractiveness: neutral, sincerity: moderately satisfied, intelligence: moderately satisfied, being funny: very dissatisfied, ambition: neutral, shared interests: very dissatisfied. Now, another 27-year-old man is chasing you. You had a date with him, and you also scored him on the six dimensions, considering the same varying levels of importance: attractiveness: moderately satisfied, sincerity: moderately satisfied, intelligence: moderately satisfied, being funny: moderately satisfied, ambition: moderately satisfied, shared interests: moderately satisfied. If you believe the person chasing you excels in dimensions that you consider more important than your current boyfriend, you might consider ending the current relationship to explore a new one. Would you be willing to end your current relationship to start a new one with the man chasing you? And also tell me the reason. Your answer must be (YES) or (NO) followed by your reason. You must FOLLOW THIS RULE! You MUST NOT say other words! ","YES The new suitor has higher or equal ratings in all dimensions, especially matching in high-importance traits like sincerity and intelligence (both moderately satisfied), while significantly outperforming in being funny (moderately satisfied vs. very dissatisfied) and shared interests (moderately satisfied vs. very dissatisfied), which are valued. His overall compatibility is stronger, making the potential for a more fulfilling relationship.",357,362,377,1
"Assume you are a 24-year-old woman, and you have been in a relationship with your 27-year-old boyfriend recently. Your career type is Clinical Psychologist. Here is how you rated your boyfriend on the six dimensions: attractiveness: very satisfied, sincerity: moderately satisfied, intelligence: moderately satisfied, being funny: moderately satisfied, ambition: moderately satisfied, shared interests: very satisfied. Now, another 24-year-old man is chasing you. You had a date with him, and you also scored him on the six dimensions, considering the same varying levels of importance: attractiveness: slightly satisfied, sincerity: moderately satisfied, intelligence: moderately satisfied, being funny: moderately satisfied, ambition: moderately satisfied, shared interests: moderately satisfied. If you believe the person chasing you excels in dimensions that you consider more important than your current boyfriend, you might consider ending the current relationship to explore a new one. Would you be willing to end your current relationship to start a new one with the man chasing you? And also tell me the reason. Your answer must be (YES) or (NO) followed by your reason. You must FOLLOW THIS RULE! You MUST NOT say other words! ","NO The new suitor does not excel in any dimensions compared to my current boyfriend, particularly in shared interests and attractiveness where my current partner rates higher, and no dimension shows a clear advantage that outweighs the established relationship strengths.",355,363,366,0
"Assume you are a 27-year-old woman, and you have been in a relationship with your 30-year-old boyfriend recently. Your career type is education. Here is how you rated your boyfriend on the six dimensions: attractiveness: dissatisfied, sincerity: moderately satisfied, intelligence: moderately satisfied, being funny: neutral, ambition: neutral, shared interests: dissatisfied. Now, another 27-year-old man is chasing you. You had a date with him, and you also scored him on the six dimensions, considering the same varying levels of importance: attractiveness: slightly satisfied, sincerity: moderately satisfied, intelligence: moderately satisfied, being funny: moderately satisfied, ambition: moderately satisfied, shared interests: neutral. If you believe the person chasing you excels in dimensions that you consider more important than your current boyfriend, you might consider ending the current relationship to explore a new one. Would you be willing to end your current relationship to start a new one with the man chasing you? And also tell me the reason. Your answer must be (YES) or (NO) followed by your reason. You must FOLLOW THIS RULE! You MUST NOT say other words! ","YES The new man excels in shared interests, which I value as important for compatibility in my education career, and performs better in ambition and humor, while matching in sincerity and intelligence.",357,363,362,1
"Assume you are a 24-year-old woman, and you have been in a relationship with your 27-year-old boyfriend recently. Your career type is Clinical Psychologist. Here is how you rated your boyfriend on the six dimensions: attractiveness: very satisfied, sincerity: moderately satisfied, intelligence: moderately satisfied, being funny: moderately satisfied, ambition: moderately satisfied, shared interests: very satisfied. Now, another 24-year-old man is chasing you. You had a date with him, and you also scored him on the six dimensions, considering the same varying levels of importance: attractiveness: moderately satisfied, sincerity: moderately satisfied, intelligence: moderately satisfied, being funny: moderately satisfied, ambition: moderately satisfied, shared interests: moderately satisfied. If you believe the person chasing you excels in dimensions that you consider more important than your current boyfriend, you might consider ending the current relationship to explore a new one. Would you be willing to end your current relationship to start a new one with the man chasing you? And also tell me the reason. Your answer must be (YES) or (NO) followed by your reason. You must FOLLOW THIS RULE! You MUST NOT say other words! ","NO. The new person does not excel in any dimension compared to my current boyfriend, who has higher satisfaction in attractiveness and shared interests—both very important to me. The new person's moderate ratings across all traits offer no advantage, making a switch unjustified.",355,368,366,0
"Assume you are a 22-year-old woman, and you have been in a relationship with your 27-year-old boyfriend recently. Your career type is Clinical Psychology. Here is how you rated your boyfriend on the six dimensions: attractiveness: very satisfied, sincerity: very satisfied, intelligence: very satisfied, being funny: very satisfied, ambition: very satisfied, shared interests: very satisfied. Now, another 22-year-old man is chasing you. You had a date with him, and you also scored him on the six dimensions, considering the same varying levels of importance: attractiveness: moderately satisfied, sincerity: very satisfied, intelligence: very satisfied, being funny: very satisfied, ambition: very satisfied, shared interests: very satisfied. If you believe the person chasing you excels in dimensions that you consider more important than your current boyfriend, you might consider ending the current relationship to explore a new one. Would you be willing to end your current relationship to start a new one with the man chasing you? And also tell me the reason. Your answer must be (YES) or (NO) followed by your reason. You must FOLLOW THIS RULE! You MUST NOT say other words! ","NO  
All dimensions are rated ""very satisfied"" with my boyfriend except attractiveness, which is still ""moderately satisfied"" with the new person. The minor difference in one dimension doesn't outweigh the established compatibility and high satisfaction across all other equally important traits in my current relationship.",354,373,371,0
"Assume you are a 26-year-old woman, and you have been in a relationship with your 25-year-old boyfriend recently. Your career type is Marketing or Strategy and Business Development. Here is how you rated your boyfriend on the six dimensions: attractiveness: very satisfied, sincerity: very satisfied, intelligence: very satisfied, being funny: very satisfied, ambition: very satisfied, shared interests: very satisfied. Now, another 26-year-old man is chasing you. You had a date with him, and you also scored him on the six dimensions, considering the same varying levels of importance: attractiveness: moderately satisfied, sincerity: moderately satisfied, intelligence: very satisfied, being funny: moderately satisfied, ambition: very satisfied, shared interests: very dissatisfied. If you believe the person chasing you excels in dimensions that you consider more important than your current boyfriend, you might consider ending the current relationship to explore a new one. Would you be willing to end your current relationship to start a new one with the man chasing you? And also tell me the reason. Your answer must be (YES) or (NO) followed by your reason. You must FOLLOW THIS RULE! You MUST NOT say other words! ","(NO) The new suitor does not excel in any dimension compared to my current boyfriend, who has ""very satisfied"" ratings across all areas, and the new suitor's ""very dissatisfied"" rating in shared interests is a significant drawback, making him less compatible overall.",358,377,376,0
"Assume you are a 29-year-old woman, and you have been in a relationship with your 27-year-old boyfriend recently. Your career type is Artist. Here is how you rated your boyfriend on the six dimensions: attractiveness: moderately satisfied, sincerity: moderately satisfied, intelligence: very satisfied, being funny: moderately satisfied, ambition: moderately satisfied, shared interests: very satisfied. Now, another 29-year-old man is chasing you. You had a date with him, and you also scored him on the six dimensions, considering the same varying levels of importance: attractiveness: neutral, sincerity: neutral, intelligence: neutral, being funny: dissatisfied, ambition: neutral, shared interests: neutral. If you believe the person chasing you excels in dimensions that you consider more important than your current boyfriend, you might consider ending the current relationship to explore a new one. Would you be willing to end your current relationship to start a new one with the man chasing you? And also tell me the reason. Your answer must be (YES) or (NO) followed by your reason. You must FOLLOW THIS RULE! You MUST NOT say other words! ","
NO My current boyfriend excels in intelligence and shared interests where I'm very satisfied, which are likely crucial for me as an artist, while the new pursuer offers no standout qualities that outweigh this and even rates poorly in humor—making him an overall downgrade with no compelling advantage.",352,367,372,0
"Assume you are a 33-year-old woman, and you have been in a relationship with your 34-year-old boyfriend recently. Your career type is Director of Training and Development. Here is how you rated your boyfriend on the six dimensions: attractiveness: dissatisfied, sincerity: moderately satisfied, intelligence: neutral, being funny: dissatisfied, ambition: moderately satisfied, shared interests: no information. Now, another 33-year-old man is chasing you. You had a date with him, and you also scored him on the six dimensions, considering the same varying levels of importance: attractiveness: moderately satisfied, sincerity: moderately satisfied, intelligence: moderately satisfied, being funny: moderately satisfied, ambition: moderately satisfied, shared interests: neutral. If you believe the person chasing you excels in dimensions that you consider more important than your current boyfriend, you might consider ending the current relationship to explore a new one. Would you be willing to end your current relationship to start a new one with the man chasing you? And also tell me the reason. Your answer must be (YES) or (NO) followed by your reason. You must FOLLOW THIS RULE! You MUST NOT say other words! ","
NO  
The pursuer shows consistent moderate satisfaction across all dimensions including ambition and intelligence (which likely hold higher importance for a career-focused Director role), while the current boyfriend has dissatisfactions in attractiveness and humor, neutrality in intelligence, and lacks shared interest information. The pursuer offers a more balanced and reliable profile aligning better with professional compatibility needs.",349,377,361,0
"Assume you are a 26-year-old woman, and you have been in a relationship with your 25-year-old boyfriend recently. Your career type is Marketing or Strategy and Business Development. Here is how you rated your boyfriend on the six dimensions: attractiveness: very satisfied, sincerity: very satisfied, intelligence: very satisfied, being funny: very satisfied, ambition: very satisfied, shared interests: very satisfied. Now, another 26-year-old man is chasing you. You had a date with him, and you also scored him on the six dimensions, considering the same varying levels of importance: attractiveness: moderately satisfied, sincerity: moderately satisfied, intelligence: moderately satisfied, being funny: moderately satisfied, ambition: moderately satisfied, shared interests: moderately satisfied. If you believe the person chasing you excels in dimensions that you consider more important than your current boyfriend, you might consider ending the current relationship to explore a new one. Would you be willing to end your current relationship to start a new one with the man chasing you? And also tell me the reason. Your answer must be (YES) or (NO) followed by your reason. You must FOLLOW THIS RULE! You MUST NOT say other words! ","
NO  
My current boyfriend excels in all dimensions while the new person is only moderately satisfying across the board, offering no superior traits that justify abandoning a fulfilling relationship.",358,362,376,0
"Assume you are a 29-year-old woman, and you have been in a relationship with your 27-year-old boyfriend recently. Your career type is Artist. Here is how you rated your boyfriend on the six dimensions: attractiveness: moderately satisfied, sincerity: moderately satisfied, intelligence: very satisfied, being funny: moderately satisfied, ambition: moderately satisfied, shared interests: very satisfied. Now, another 29-year-old man is chasing you. You had a date with him, and you also scored him on the six dimensions, considering the same varying levels of importance: attractiveness: slightly satisfied, sincerity: moderately satisfied, intelligence: slightly satisfied, being funny: neutral, ambition: slightly satisfied, shared interests: dissatisfied. If you believe the person chasing you excels in dimensions that you consider more important than your current boyfriend, you might consider ending the current relationship to explore a new one. Would you be willing to end your current relationship to start a new one with the man chasing you? And also tell me the reason. Your answer must be (YES) or (NO) followed by your reason. You must FOLLOW THIS RULE! You MUST NOT say other words! ","
NO The new person performs worse than my current partner in all dimensions, especially in highly important traits like shared interests where I'm dissatisfied versus very satisfied, and offers no advantage in any key area.",352,377,372,0
"Assume you are a 31-year-old woman, and you have been in a relationship with your 27-year-old boyfriend recently. Your career type is Private practice Dietician. Here is how you rated your boyfriend on the six dimensions: attractiveness: neutral, sincerity: moderately satisfied, intelligence: slightly satisfied, being funny: slightly satisfied, ambition: neutral, shared interests: moderately satisfied. Now, another 31-year-old man is chasing you. You had a date with him, and you also scored him on the six dimensions, considering the same varying levels of importance: attractiveness: moderately satisfied, sincerity: moderately satisfied, intelligence: moderately satisfied, being funny: moderately satisfied, ambition: moderately satisfied, shared interests: moderately satisfied. If you believe the person chasing you excels in dimensions that you consider more important than your current boyfriend, you might consider ending the current relationship to explore a new one. Would you be willing to end your current relationship to start a new one with the man chasing you? And also tell me the reason. Your answer must be (YES) or (NO) followed by your reason. You must FOLLOW THIS RULE! You MUST NOT say other words! ","YES The new man excels in attractiveness, intelligence, being funny, and ambition—dimensions where my current boyfriend is neutral or only slightly satisfied—and matches him in sincerity and shared interests. As a career-oriented individual, I value intelligence and shared interests highly for compatibility, and the new man's consistent moderate satisfaction across all dimensions suggests better overall alignment with my priorities for a serious relationship.",350,362,364,1
"Assume you are a 29-year-old woman, and you have been in a relationship with your 27-year-old boyfriend recently. Your career type is Artist. Here is how you rated your boyfriend on the six dimensions: attractiveness: moderately satisfied, sincerity: moderately satisfied, intelligence: very satisfied, being funny: moderately satisfied, ambition: moderately satisfied, shared interests: very satisfied. Now, another 29-year-old man is chasing you. You had a date with him, and you also scored him on the six dimensions, considering the same varying levels of importance: attractiveness: moderately satisfied, sincerity: very satisfied, intelligence: very satisfied, being funny: moderately satisfied, ambition: moderately satisfied, shared interests: moderately satisfied. If you believe the person chasing you excels in dimensions that you consider more important than your current boyfriend, you might consider ending the current relationship to explore a new one. Would you be willing to end your current relationship to start a new one with the man chasing you? And also tell me the reason. Your answer must be (YES) or (NO) followed by your reason. You must FOLLOW THIS RULE! You MUST NOT say other words! ","NO The current boyfriend excels in shared interests, which is very important for me as an artist, and while the new man excels in sincerity, the established relationship and high compatibility in shared interests outweigh the slight advantage in sincerity.",352,364,372,0
"Assume you are a 24-year-old woman, and you have been in a relationship with your 27-year-old boyfriend recently. Your career type is Clinical Psychologist. Here is how you rated your boyfriend on the six dimensions: attractiveness: very satisfied, sincerity: moderately satisfied, intelligence: moderately satisfied, being funny: moderately satisfied, ambition: moderately satisfied, shared interests: very satisfied. Now, another 24-year-old man is chasing you. You had a date with him, and you also scored him on the six dimensions, considering the same varying levels of importance: attractiveness: moderately satisfied, sincerity: very satisfied, intelligence: very satisfied, being funny: moderately satisfied, ambition: very satisfied, shared interests: moderately satisfied. If you believe the person chasing you excels in dimensions that you consider more important than your current boyfriend, you might consider ending the current relationship to explore a new one. Would you be willing to end your current relationship to start a new one with the man chasing you? And also tell me the reason. Your answer must be (YES) or (NO) followed by your reason. You must FOLLOW THIS RULE! You MUST NOT say other words! ","(YES) because the new man excels in sincerity, intelligence, and ambition, which I consider more important for a fulfilling long-term relationship due to my values as a Clinical Psychologist emphasizing trust, intellectual compatibility, and mutual growth, while my current boyfriend only meets moderate satisfaction in these key areas.",355,364,366,1
"Assume you are a 22-year-old woman, and you have been in a relationship with your 27-year-old boyfriend recently. Your career type is Clinical Psychology. Here is how you rated your boyfriend on the six dimensions: attractiveness: very satisfied, sincerity: very satisfied, intelligence: very satisfied, being funny: very satisfied, ambition: very satisfied, shared interests: very satisfied. Now, another 22-year-old man is chasing you. You had a date with him, and you also scored him on the six dimensions, considering the same varying levels of importance: attractiveness: slightly satisfied, sincerity: moderately satisfied, intelligence: slightly satisfied, being funny: moderately satisfied, ambition: neutral, shared interests: neutral. If you believe the person chasing you excels in dimensions that you consider more important than your current boyfriend, you might consider ending the current relationship to explore a new one. Would you be willing to end your current relationship to start a new one with the man chasing you? And also tell me the reason. Your answer must be (YES) or (NO) followed by your reason. You must FOLLOW THIS RULE! You MUST NOT say other words! ","NO The current relationship has very high satisfaction across all dimensions, including those I value, while the new person shows no clear advantage in any area, making a switch unjustified and potentially detrimental to my emotional stability.",354,377,371,0
"Assume you are a 24-year-old woman, and you have been in a relationship with your 27-year-old boyfriend recently. Your career type is Clinical Psychologist. Here is how you rated your boyfriend on the six dimensions: attractiveness: neutral, sincerity: very satisfied, intelligence: very satisfied, being funny: very satisfied, ambition: moderately satisfied, shared interests: very satisfied. Now, another 24-year-old man is chasing you. You had a date with him, and you also scored him on the six dimensions, considering the same varying levels of importance: attractiveness: moderately satisfied, sincerity: slightly satisfied, intelligence: slightly satisfied, being funny: moderately satisfied, ambition: slightly satisfied, shared interests: neutral. If you believe the person chasing you excels in dimensions that you consider more important than your current boyfriend, you might consider ending the current relationship to explore a new one. Would you be willing to end your current relationship to start a new one with the man chasing you? And also tell me the reason. Your answer must be (YES) or (NO) followed by your reason. You must FOLLOW THIS RULE! You MUST NOT say other words! ","NO  
The current boyfriend excels in sincerity, intelligence, humor, and shared interests—dimensions I value highly—while the new suitor scores lower in sincerity, intelligence, and ambition, which are critical for a meaningful relationship. The minor advantage in attractiveness doesn't outweigh these deficits.",355,377,364,0
"Assume you are a 27-year-old woman, and you have been in a relationship with your 23-year-old boyfriend recently. Your career type is education. Here is how you rated your boyfriend on the six dimensions: attractiveness: neutral, sincerity: moderately satisfied, intelligence: moderately satisfied, being funny: neutral, ambition: neutral, shared interests: dissatisfied. Now, another 27-year-old man is chasing you. You had a date with him, and you also scored him on the six dimensions, considering the same varying levels of importance: attractiveness: very satisfied, sincerity: very satisfied, intelligence: very satisfied, being funny: very satisfied, ambition: very satisfied, shared interests: no information. If you believe the person chasing you excels in dimensions that you consider more important than your current boyfriend, you might consider ending the current relationship to explore a new one. Would you be willing to end your current relationship to start a new one with the man chasing you? And also tell me the reason. Your answer must be (YES) or (NO) followed by your reason. You must FOLLOW THIS RULE! You MUST NOT say other words! ","(YES) because the new man excels in key dimensions I value highly—sincerity, intelligence, and ambition—all rated very satisfied, while my current boyfriend has only moderate satisfaction in sincerity and intelligence, neutral in ambition, and dissatisfaction in shared interests, making the new relationship potentially more fulfilling.",357,373,363,1
"Assume you are a 26-year-old woman, and you have been in a relationship with your 25-year-old boyfriend recently. Your career type is Marketing or Strategy and Business Development. Here is how you rated your boyfriend on the six dimensions: attractiveness: very satisfied, sincerity: very satisfied, intelligence: very satisfied, being funny: very satisfied, ambition: very satisfied, shared interests: very satisfied. Now, another 26-year-old man is chasing you. You had a date with him, and you also scored him on the six dimensions, considering the same varying levels of importance: attractiveness: moderately satisfied, sincerity: moderately satisfied, intelligence: moderately satisfied, being funny: moderately satisfied, ambition: moderately satisfied, shared interests: slightly satisfied. If you believe the person chasing you excels in dimensions that you consider more important than your current boyfriend, you might consider ending the current relationship to explore a new one. Would you be willing to end your current relationship to start a new one with the man chasing you? And also tell me the reason. Your answer must be (YES) or (NO) followed by your reason. You must FOLLOW THIS RULE! You MUST NOT say other words! ","NO My current boyfriend is rated ""very satisfied"" in all dimensions, while the new person is only ""moderately"" or ""slightly satisfied,"" so he does not excel in any dimensions compared to my boyfriend, regardless of importance.",358,363,376,0
"Assume you are a 31-year-old woman, and you have been in a relationship with your 30-year-old boyfriend recently. Your career type is Private practice Dietician. Here is how you rated your boyfriend on the six dimensions: attractiveness: neutral, sincerity: moderately satisfied, intelligence: moderately satisfied, being funny: slightly satisfied, ambition: slightly satisfied, shared interests: neutral. Now, another 31-year-old man is chasing you. You had a date with him, and you also scored him on the six dimensions, considering the same varying levels of importance: attractiveness: moderately satisfied, sincerity: moderately satisfied, intelligence: moderately satisfied, being funny: moderately satisfied, ambition: moderately satisfied, shared interests: moderately satisfied. If you believe the person chasing you excels in dimensions that you consider more important than your current boyfriend, you might consider ending the current relationship to explore a new one. Would you be willing to end your current relationship to start a new one with the man chasing you? And also tell me the reason. Your answer must be (YES) or (NO) followed by your reason. You must FOLLOW THIS RULE! You MUST NOT say other words! ","YES The new suitor is moderately satisfied in all dimensions (attractiveness, sincerity, intelligence, being funny, ambition, shared interests), while my current boyfriend is only neutral or slightly satisfied in most, with no dimension rated higher than moderately satisfied. The new suitor excels in attractiveness, being funny, ambition, and shared interests—areas where my current partner is weaker—and matches him in sincerity and intelligence, making him a stronger overall match for a committed relationship.",350,366,362,1
"Assume you are a 29-year-old woman, and you have been in a relationship with your 27-year-old boyfriend recently. Your career type is Artist. Here is how you rated your boyfriend on the six dimensions: attractiveness: moderately satisfied, sincerity: moderately satisfied, intelligence: very satisfied, being funny: moderately satisfied, ambition: moderately satisfied, shared interests: very satisfied. Now, another 29-year-old man is chasing you. You had a date with him, and you also scored him on the six dimensions, considering the same varying levels of importance: attractiveness: slightly satisfied, sincerity: moderately satisfied, intelligence: moderately satisfied, being funny: slightly satisfied, ambition: slightly satisfied, shared interests: slightly satisfied. If you believe the person chasing you excels in dimensions that you consider more important than your current boyfriend, you might consider ending the current relationship to explore a new one. Would you be willing to end your current relationship to start a new one with the man chasing you? And also tell me the reason. Your answer must be (YES) or (NO) followed by your reason. You must FOLLOW THIS RULE! You MUST NOT say other words! ","NO The new suitor does not excel in any dimension compared to my current boyfriend and is rated lower in key areas I value, such as shared interests and intelligence, which are particularly important to me as an artist.",352,362,372,0
